CREATE DATABASE  IF NOT EXISTS `khanhpaintdealerdatabase` /*!40100 DEFAULT CHARACTER SET utf8mb4 COLLATE utf8mb4_unicode_ci */ /*!80016 DEFAULT ENCRYPTION='N' */;
USE `khanhpaintdealerdatabase`;

SET FOREIGN_KEY_CHECKS = 0;

DROP TABLE IF EXISTS `basetypes`;
CREATE TABLE `basetypes` (
  `base_id` int NOT NULL AUTO_INCREMENT,
  `base_name` varchar(255) CHARACTER SET utf8mb4 COLLATE utf8mb4_unicode_ci NOT NULL,
  `description` text CHARACTER SET utf8mb4 COLLATE utf8mb4_unicode_ci,
  PRIMARY KEY (`base_id`)
) ENGINE=InnoDB AUTO_INCREMENT=4 DEFAULT CHARSET=utf8mb4 COLLATE=utf8mb4_unicode_ci;


LOCK TABLES `basetypes` WRITE;

INSERT INTO `basetypes` VALUES (1,'Base A','Là sơn gốc phân nhóm trắng/màu nhạt, sở hữu hàm lượng tinh màu trắng tinh khiết titan dioxide ($TiO_2$) cao. Cốt sơn có độ đậm đặc và độ che phủ lớn, chuyên dụng để sử dụng trực tiếp làm sơn trắng hoặc dùng làm nền để pha chế các phân khúc màu sắc siêu nhạt (Tone Pastel). Không thể pha các gam màu trung tính hoặc màu đậm từ Base A.'),(2,'Base B','Là sơn gốc phân nhóm màu trung tính nhạt, có hàm lượng tinh màu trắng tinh khiết ở mức vừa phải. Cốt sơn được thiết kế tối ưu để tiếp nhận và hiển thị chính xác các gam màu sáng vừa, màu trung tính nhẹ hoặc màu Pastel có sắc độ đậm hơn nhóm A. Ít khi được sử dụng trực tiếp làm sơn trắng vì độ che phủ gốc thấp hơn Base A.'),(3,'Base B','Là sơn gốc phân nhóm màu trung tính nhạt, có hàm lượng tinh màu trắng tinh khiết ở mức vừa phải. Cốt sơn được thiết kế tối ưu để tiếp nhận và hiển thị chính xác các gam màu sáng vừa, màu trung tính nhẹ hoặc màu Pastel có sắc độ đậm hơn nhóm A. Ít khi được sử dụng trực tiếp làm sơn trắng vì độ che phủ gốc thấp hơn Base A.');
UNLOCK TABLES;


DROP TABLE IF EXISTS `brands`;
CREATE TABLE `brands` (
  `brand_id` int NOT NULL AUTO_INCREMENT,
  `name` varchar(255) CHARACTER SET utf8mb4 COLLATE utf8mb4_unicode_ci NOT NULL,
  `origin` varchar(255) CHARACTER SET utf8mb4 COLLATE utf8mb4_unicode_ci DEFAULT NULL,
  `description` text CHARACTER SET utf8mb4 COLLATE utf8mb4_unicode_ci,
  PRIMARY KEY (`brand_id`)
) ENGINE=InnoDB AUTO_INCREMENT=2 DEFAULT CHARSET=utf8mb4 COLLATE=utf8mb4_unicode_ci;


LOCK TABLES `brands` WRITE;
INSERT INTO `brands` VALUES (1,'Jotun','Na Uy','Jotun nổi tiếng với hệ thống pha màu vi tính đa dạng và thân thiện với sức khỏe người dùng. Tại Việt Nam, hãng cung cấp các giải pháp toàn diện bao gồm: sơn trang trí, sơn hàng hải và sơn công nghiệp');
UNLOCK TABLES;

DROP TABLE IF EXISTS `colorants`;
CREATE TABLE `colorants` (
  `colorant_id` int NOT NULL AUTO_INCREMENT,
  `colorant_name` varchar(255) CHARACTER SET utf8mb4 COLLATE utf8mb4_unicode_ci NOT NULL,
  `stock_ml` decimal(12,2) NOT NULL DEFAULT '0.00',
  `unit_price_per_ml` decimal(12,2) NOT NULL DEFAULT '0.00',
  PRIMARY KEY (`colorant_id`)
) ENGINE=InnoDB AUTO_INCREMENT=2 DEFAULT CHARSET=utf8mb4 COLLATE=utf8mb4_unicode_ci;

LOCK TABLES `colorants` WRITE;
INSERT INTO `colorants` VALUES (1,'Đen',2000.00,200.00);
UNLOCK TABLES;


DROP TABLE IF EXISTS `colorsystem`;
CREATE TABLE `colorsystem` (
  `color_id` int NOT NULL AUTO_INCREMENT,
  `color_code` varchar(100) CHARACTER SET utf8mb4 COLLATE utf8mb4_unicode_ci NOT NULL,
  `color_name` varchar(255) CHARACTER SET utf8mb4 COLLATE utf8mb4_unicode_ci NOT NULL,
  `base_id` int NOT NULL,
  PRIMARY KEY (`color_id`),
  KEY `base_id` (`base_id`),
  CONSTRAINT `colorsystem_ibfk_1` FOREIGN KEY (`base_id`) REFERENCES `basetypes` (`base_id`) ON DELETE RESTRICT ON UPDATE CASCADE
) ENGINE=InnoDB AUTO_INCREMENT=7 DEFAULT CHARSET=utf8mb4 COLLATE=utf8mb4_unicode_ci;


LOCK TABLES `colorsystem` WRITE;
INSERT INTO `colorsystem` VALUES (1,'PL111','Trắng xám tinh tế',1),(2,'PL112','Xám tinh tế',1),(3,'PL113','Xám đen',1),(4,'PL104','Xám vũ trụ',2),(5,'PL105','Đen',1),(6,'PL106','Xám mặt trăng',1);
UNLOCK TABLES;


DROP TABLE IF EXISTS `colorsystem_colorants`;
CREATE TABLE `colorsystem_colorants` (
  `color_id` int NOT NULL,
  `colorant_id` int NOT NULL,
  `amount_ml` decimal(12,2) NOT NULL,
  PRIMARY KEY (`color_id`,`colorant_id`),
  KEY `colorant_id` (`colorant_id`),
  CONSTRAINT `colorsystem_colorants_ibfk_1` FOREIGN KEY (`color_id`) REFERENCES `colorsystem` (`color_id`) ON DELETE CASCADE ON UPDATE CASCADE,
  CONSTRAINT `colorsystem_colorants_ibfk_2` FOREIGN KEY (`colorant_id`) REFERENCES `colorants` (`colorant_id`) ON DELETE CASCADE ON UPDATE CASCADE
) ENGINE=InnoDB DEFAULT CHARSET=utf8mb4 COLLATE=utf8mb4_unicode_ci;



LOCK TABLES `colorsystem_colorants` WRITE;
INSERT INTO `colorsystem_colorants` VALUES (1,1,80.00),(5,1,80.00),(6,1,45.00);
UNLOCK TABLES;

DROP TABLE IF EXISTS `customers`;
CREATE TABLE `customers` (
  `customer_id` int NOT NULL AUTO_INCREMENT,
  `name` varchar(255) CHARACTER SET utf8mb4 COLLATE utf8mb4_unicode_ci NOT NULL,
  `email` varchar(255) CHARACTER SET utf8mb4 COLLATE utf8mb4_unicode_ci DEFAULT NULL,
  `password_hash` varchar(255) CHARACTER SET utf8mb4 COLLATE utf8mb4_unicode_ci NOT NULL,
  `phone` varchar(50) CHARACTER SET utf8mb4 COLLATE utf8mb4_unicode_ci DEFAULT NULL,
  `street_address` varchar(255) CHARACTER SET utf8mb4 COLLATE utf8mb4_unicode_ci DEFAULT NULL,
  `ward_id` int DEFAULT NULL,
  `credit_limit` decimal(14,2) NOT NULL DEFAULT '0.00',
  `current_debt` decimal(14,2) NOT NULL DEFAULT '0.00',
  PRIMARY KEY (`customer_id`),
  KEY `fk_customers_wards` (`ward_id`),
  CONSTRAINT `fk_customers_wards` FOREIGN KEY (`ward_id`) REFERENCES `wards` (`ward_id`) ON DELETE RESTRICT ON UPDATE CASCADE
) ENGINE=InnoDB DEFAULT CHARSET=utf8mb4 COLLATE=utf8mb4_unicode_ci;

LOCK TABLES `customers` WRITE;
UNLOCK TABLES;


DROP TABLE IF EXISTS `employees`;
CREATE TABLE `employees` (
  `employee_id` int NOT NULL AUTO_INCREMENT,
  `full_name` varchar(255) CHARACTER SET utf8mb4 COLLATE utf8mb4_unicode_ci NOT NULL,
  `email` varchar(255) CHARACTER SET utf8mb4 COLLATE utf8mb4_unicode_ci DEFAULT NULL,
  `phone` varchar(50) CHARACTER SET utf8mb4 COLLATE utf8mb4_unicode_ci DEFAULT NULL,
  `hire_date` date DEFAULT NULL,
  `password_hash` varchar(255) CHARACTER SET utf8mb4 COLLATE utf8mb4_unicode_ci DEFAULT NULL,
  `job_id` int DEFAULT NULL,
  `role` varchar(20) CHARACTER SET utf8mb4 COLLATE utf8mb4_unicode_ci DEFAULT 'staff',
  PRIMARY KEY (`employee_id`),
  UNIQUE KEY `email` (`email`),
  KEY `job_id` (`job_id`),
  CONSTRAINT `employees_ibfk_1` FOREIGN KEY (`job_id`) REFERENCES `jobs` (`job_id`) ON DELETE SET NULL ON UPDATE CASCADE
) ENGINE=InnoDB AUTO_INCREMENT=4 DEFAULT CHARSET=utf8mb4 COLLATE=utf8mb4_unicode_ci;


LOCK TABLES `employees` WRITE;
INSERT INTO `employees` VALUES (1,'Admin Hệ Thống','admin@khanhpaint.com','0987654321','2026-06-19','$2b$10$7HgoEDSqGYZQWqJ7i3OnLOr9CZEzUYl4I2NjfKCmUVrMl4/M9uS/C',1,'admin'),(2,'Trần Huy','tranhuy@gmail.com','0999999999','2026-06-17','$2b$10$NIbW8Lw.NnKFzxkRA.s/cecTIcV.hjkJvGcVPgIqQ6RazNzc4Gy96',2,'admin'),(3,'Huy Trần','huytran@gmail.com','0123456788','2026-06-12','$2b$10$glPHPXj02GVUIow/T7fPAOj5PvNsMcTM/xo/yfFdGFrLHPlk0hWUy',2,'admin');
UNLOCK TABLES;


DROP TABLE IF EXISTS `employees_shifts`;
CREATE TABLE `employees_shifts` (
  `employee_id` int NOT NULL,
  `shift_id` int NOT NULL,
  `working_date` date NOT NULL,
  PRIMARY KEY (`employee_id`,`shift_id`,`working_date`),
  KEY `shift_id` (`shift_id`),
  CONSTRAINT `employees_shifts_ibfk_1` FOREIGN KEY (`employee_id`) REFERENCES `employees` (`employee_id`) ON DELETE CASCADE ON UPDATE CASCADE,
  CONSTRAINT `employees_shifts_ibfk_2` FOREIGN KEY (`shift_id`) REFERENCES `shifts` (`shift_id`) ON DELETE CASCADE ON UPDATE CASCADE
) ENGINE=InnoDB DEFAULT CHARSET=utf8mb4 COLLATE=utf8mb4_unicode_ci;


LOCK TABLES `employees_shifts` WRITE;
INSERT INTO `employees_shifts` VALUES (2,1,'2026-07-11');
UNLOCK TABLES;


DROP TABLE IF EXISTS `jobs`;
CREATE TABLE `jobs` (
  `job_id` int NOT NULL AUTO_INCREMENT,
  `job_title` varchar(255) CHARACTER SET utf8mb4 COLLATE utf8mb4_unicode_ci NOT NULL,
  `min_salary` decimal(14,2) DEFAULT NULL,
  `max_salary` decimal(14,2) DEFAULT NULL,
  PRIMARY KEY (`job_id`)
) ENGINE=InnoDB AUTO_INCREMENT=3 DEFAULT CHARSET=utf8mb4 COLLATE=utf8mb4_unicode_ci;

LOCK TABLES `jobs` WRITE;
INSERT INTO `jobs` VALUES (1,'Quản trị hệ thống',15000000.00,50000000.00),(2,'Bán hàng',5000000.00,15000000.00);
UNLOCK TABLES;


DROP TABLE IF EXISTS `orderdetails`;
CREATE TABLE `orderdetails` (
  `order_id` int NOT NULL,
  `variant_id` int NOT NULL,
  `color_id` int NOT NULL,
  `quantity` int NOT NULL DEFAULT '1',
  `price_at_sale` decimal(14,2) NOT NULL,
  PRIMARY KEY (`order_id`,`variant_id`,`color_id`),
  KEY `variant_id` (`variant_id`),
  KEY `color_id` (`color_id`),
  CONSTRAINT `orderdetails_ibfk_1` FOREIGN KEY (`order_id`) REFERENCES `orders` (`order_id`) ON DELETE CASCADE ON UPDATE CASCADE,
  CONSTRAINT `orderdetails_ibfk_2` FOREIGN KEY (`variant_id`) REFERENCES `productvariants` (`variant_id`) ON DELETE RESTRICT ON UPDATE CASCADE,
  CONSTRAINT `orderdetails_ibfk_3` FOREIGN KEY (`color_id`) REFERENCES `colorsystem` (`color_id`) ON DELETE RESTRICT ON UPDATE CASCADE
) ENGINE=InnoDB DEFAULT CHARSET=utf8mb4 COLLATE=utf8mb4_unicode_ci;
LOCK TABLES `orderdetails` WRITE;
UNLOCK TABLES;


DROP TABLE IF EXISTS `orders`;
CREATE TABLE `orders` (
  `order_id` int NOT NULL AUTO_INCREMENT,
  `customer_id` int NOT NULL,
  `sales_rep_id` int DEFAULT NULL,
  `tech_id` int DEFAULT NULL,
  `shift_id` int DEFAULT NULL,
  `total_amount` decimal(14,2) NOT NULL DEFAULT '0.00',
  `status` varchar(100) CHARACTER SET utf8mb4 COLLATE utf8mb4_unicode_ci NOT NULL DEFAULT 'pending',
  `created_at` datetime NOT NULL DEFAULT CURRENT_TIMESTAMP,
  `street_address` varchar(255) CHARACTER SET utf8mb4 COLLATE utf8mb4_unicode_ci DEFAULT NULL,
  `ward_id` int DEFAULT NULL,
  PRIMARY KEY (`order_id`),
  KEY `customer_id` (`customer_id`),
  KEY `sales_rep_id` (`sales_rep_id`),
  KEY `tech_id` (`tech_id`),
  KEY `shift_id` (`shift_id`),
  KEY `fk_orders_wards` (`ward_id`),
  CONSTRAINT `fk_orders_wards` FOREIGN KEY (`ward_id`) REFERENCES `wards` (`ward_id`) ON DELETE RESTRICT ON UPDATE CASCADE,
  CONSTRAINT `orders_ibfk_1` FOREIGN KEY (`customer_id`) REFERENCES `customers` (`customer_id`) ON DELETE RESTRICT ON UPDATE CASCADE,
  CONSTRAINT `orders_ibfk_2` FOREIGN KEY (`sales_rep_id`) REFERENCES `employees` (`employee_id`) ON DELETE SET NULL ON UPDATE CASCADE,
  CONSTRAINT `orders_ibfk_3` FOREIGN KEY (`tech_id`) REFERENCES `employees` (`employee_id`) ON DELETE SET NULL ON UPDATE CASCADE,
  CONSTRAINT `orders_ibfk_4` FOREIGN KEY (`shift_id`) REFERENCES `shifts` (`shift_id`) ON DELETE SET NULL ON UPDATE CASCADE
) ENGINE=InnoDB DEFAULT CHARSET=utf8mb4 COLLATE=utf8mb4_unicode_ci;


LOCK TABLES `orders` WRITE;
UNLOCK TABLES;

DROP TABLE IF EXISTS `productlines`;
CREATE TABLE `productlines` (
  `line_id` int NOT NULL AUTO_INCREMENT,
  `brand_id` int NOT NULL,
  `name` varchar(255) CHARACTER SET utf8mb4 COLLATE utf8mb4_unicode_ci NOT NULL,
  `is_interior` tinyint(1) NOT NULL DEFAULT '0',
  `coverage_rate` decimal(8,2) DEFAULT NULL,
  `drying_time` varchar(100) CHARACTER SET utf8mb4 COLLATE utf8mb4_unicode_ci DEFAULT NULL,
  `gloss_level` varchar(100) CHARACTER SET utf8mb4 COLLATE utf8mb4_unicode_ci DEFAULT NULL,
  `recommended_layers` varchar(100) CHARACTER SET utf8mb4 COLLATE utf8mb4_unicode_ci DEFAULT NULL,
  `description` text CHARACTER SET utf8mb4 COLLATE utf8mb4_unicode_ci,
  PRIMARY KEY (`line_id`),
  KEY `brand_id` (`brand_id`),
  CONSTRAINT `productlines_ibfk_1` FOREIGN KEY (`brand_id`) REFERENCES `brands` (`brand_id`) ON DELETE RESTRICT ON UPDATE CASCADE
) ENGINE=InnoDB AUTO_INCREMENT=3 DEFAULT CHARSET=utf8mb4 COLLATE=utf8mb4_unicode_ci;


LOCK TABLES `productlines` WRITE;
INSERT INTO `productlines` VALUES (1,1,'Jotashield Bền Màu Toàn Diện',0,NULL,NULL,NULL,NULL,'Jotashield Bền Màu Toàn Diện là sản phẩm sơn ngoại thất được yêu thích nhất Đông Nam Á*. Trải qua các bài thử nghiệm nghiêm ngặt cùng với các sản phẩm sơn ngoại thất cao cấp và được chứng nhận bởi các phòng thí nghiệm độc lập, Jotashield Bền MàuToàn Diện được bảo chứng là giải pháp bảo vệ tốt nhất cho những ngôi nhà chống chọi với điều kiện thời tiết khắc nghiệt, mang đến sự bảo vệ hoàn hảo cho ngôi nhà, đáp ứng nhu cầu khắc khe của chủ nhà.'),(2,1,'Jotashield Bền Màu Toàn Diện',0,11.10,'2',NULL,'2','Jotashield Bền Màu Toàn Diện là sản phẩm sơn ngoại thất được yêu thích nhất Đông Nam Á*. Trải qua các bài thử nghiệm nghiêm ngặt cùng với các sản phẩm sơn ngoại thất cao cấp và được chứng nhận bởi các phòng thí nghiệm độc lập, Jotashield Bền MàuToàn Diện được bảo chứng là giải pháp bảo vệ tốt nhất cho những ngôi nhà chống chọi với điều kiện thời tiết khắc nghiệt, mang đến sự bảo vệ hoàn hảo cho ngôi nhà, đáp ứng nhu cầu khắc khe của chủ nhà.');
UNLOCK TABLES;

DROP TABLE IF EXISTS `productvariants`;
CREATE TABLE `productvariants` (
  `variant_id` int NOT NULL AUTO_INCREMENT,
  `line_id` int NOT NULL,
  `base_id` int NOT NULL,
  `volume` varchar(100) CHARACTER SET utf8mb4 COLLATE utf8mb4_unicode_ci DEFAULT NULL,
  `sku_code` varchar(100) CHARACTER SET utf8mb4 COLLATE utf8mb4_unicode_ci NOT NULL,
  `unit_price` decimal(12,2) NOT NULL,
  `stock_quantity` int NOT NULL DEFAULT '0',
  `warehouse_location` varchar(255) CHARACTER SET utf8mb4 COLLATE utf8mb4_unicode_ci DEFAULT NULL,
  PRIMARY KEY (`variant_id`),
  KEY `line_id` (`line_id`),
  KEY `base_id` (`base_id`),
  CONSTRAINT `fk_variant_base` FOREIGN KEY (`base_id`) REFERENCES `basetypes` (`base_id`) ON DELETE RESTRICT ON UPDATE CASCADE,
  CONSTRAINT `fk_variant_line` FOREIGN KEY (`line_id`) REFERENCES `productlines` (`line_id`) ON DELETE RESTRICT ON UPDATE CASCADE
) ENGINE=InnoDB DEFAULT CHARSET=utf8mb4 COLLATE=utf8mb4_unicode_ci;

LOCK TABLES `productvariants` WRITE;
UNLOCK TABLES;


DROP TABLE IF EXISTS `provinces`;
CREATE TABLE `provinces` (
  `province_id` int NOT NULL AUTO_INCREMENT,
  `province_name` varchar(255) CHARACTER SET utf8mb4 COLLATE utf8mb4_unicode_ci NOT NULL,
  PRIMARY KEY (`province_id`)
) ENGINE=InnoDB AUTO_INCREMENT=35 DEFAULT CHARSET=utf8mb4 COLLATE=utf8mb4_unicode_ci;

LOCK TABLES `provinces` WRITE;
/*!40000 ALTER TABLE `provinces` DISABLE KEYS */;
INSERT INTO `provinces` VALUES (1,'Thành phố Hà Nội'),(2,'Thành phố Huế'),(3,'Quảng Ninh'),(4,'Cao Bằng'),(5,'Lạng Sơn'),(6,'Lai Châu'),(7,'Điện Biên'),(8,'Sơn La'),(9,'Thanh Hóa'),(10,'Nghệ An'),(11,'Hà Tĩnh'),(12,'Tuyên Quang'),(13,'Lào Cai'),(14,'Thái Nguyên'),(15,'Phú Thọ'),(16,'Bắc Ninh'),(17,'Hưng Yên'),(18,'Thành phố Hải Phòng'),(19,'Ninh Bình'),(20,'Quảng Trị'),(21,'Thành phố Đà Nẵng'),(22,'Quảng Ngãi'),(23,'Gia Lai'),(24,'Khánh Hòa'),(25,'Lâm Đồng'),(26,'Đắk Lắk'),(27,'Thành phố Hồ Chí Minh'),(28,'Thành phố Đồng Nai'),(29,'Tây Ninh'),(30,'Thành phố Cần Thơ'),(31,'Vĩnh Long'),(32,'Đồng Tháp'),(33,'Cà Mau'),(34,'An Giang');
UNLOCK TABLES;

DROP TABLE IF EXISTS `shifts`;
CREATE TABLE `shifts` (
  `shift_id` int NOT NULL AUTO_INCREMENT,
  `shift_name` varchar(255) CHARACTER SET utf8mb4 COLLATE utf8mb4_unicode_ci NOT NULL,
  `start_time` time NOT NULL,
  `end_time` time NOT NULL,
  PRIMARY KEY (`shift_id`)
) ENGINE=InnoDB AUTO_INCREMENT=2 DEFAULT CHARSET=utf8mb4 COLLATE=utf8mb4_unicode_ci;

LOCK TABLES `shifts` WRITE;
INSERT INTO `shifts` VALUES (1,'Ca sáng','18:00:00','22:00:00');
UNLOCK TABLES;

DROP TABLE IF EXISTS `wards`;
CREATE TABLE `wards` (
  `ward_id` int NOT NULL AUTO_INCREMENT,
  `province_id` int NOT NULL,
  `ward_name` varchar(255) CHARACTER SET utf8mb4 COLLATE utf8mb4_unicode_ci NOT NULL,
  PRIMARY KEY (`ward_id`),
  KEY `province_id` (`province_id`),
  CONSTRAINT `fk_wards_provinces` FOREIGN KEY (`province_id`) REFERENCES `provinces` (`province_id`) ON DELETE RESTRICT ON UPDATE CASCADE
) ENGINE=InnoDB AUTO_INCREMENT=3314 DEFAULT CHARSET=utf8mb4 COLLATE=utf8mb4_unicode_ci;

LOCK TABLES `wards` WRITE;
INSERT INTO `wards` VALUES (1,1,'Phường Bồ Đề'),(2,1,'Phường Hồng Hà'),(3,1,'Phường Hoàn Kiếm'),(4,1,'Phường Đại Mỗ'),(5,1,'Phường Long Biên'),(6,1,'Phường Hà Đông'),(7,1,'Phường Giảng Võ'),(8,1,'Phường Việt Hưng'),(9,1,'Phường Phú Thượng'),(10,1,'Phường Xuân Phương'),(11,1,'Phường Dương Nội'),(12,1,'Phường Láng'),(13,1,'Phường Phúc Lợi'),(14,1,'Phường Thanh Xuân'),(15,1,'Phường Cửa Nam'),(16,1,'Phường Tây Hồ'),(17,1,'Phường Khương Đình'),(18,1,'Phường Đông Ngạc'),(19,1,'Phường Phú Diễn'),(20,1,'Phường Kim Liên'),(21,1,'Phường Đống Đa'),(22,1,'Phường Ba Đình'),(23,1,'Phường Bạch Mai'),(24,1,'Phường Ngọc Hà'),(25,1,'Phường Tùng Thiện'),(26,1,'Phường Cầu Giấy'),(27,1,'Phường Chương Mỹ'),(28,1,'Phường Yên Hòa'),(29,1,'Phường Ô Chợ Dừa'),(30,1,'Phường Phương Liệt'),(31,1,'Phường Xuân Đinh'),(32,1,'Phường Hoàng Mai'),(33,1,'Phường Vĩnh Hưng'),(34,1,'Phường Định Công'),(35,1,'Phường Văn Miếu - Quốc Tử Giám'),(36,1,'Phường Sơn Tây'),(37,1,'Phường Tây Mỗ'),(38,1,'Phường Kiến Hưng'),(39,1,'Phường Hai Bà Trưng'),(40,1,'Phường Phú Lương'),(41,1,'Phường Tây Tựu'),(42,1,'Phường Yên Nghĩa'),(43,1,'Phường Nghĩa Đô'),(44,1,'Phường Vĩnh Tuy'),(45,1,'Phường Từ Liêm'),(46,1,'Phường Tương Mai'),(47,1,'Phường Thanh Liệt'),(48,1,'Phường Hoàng Liệt'),(49,1,'Phường Thượng Cát'),(50,1,'Phường Lĩnh Nam'),(51,1,'Phường Yên Sở'),(52,1,'Xã Đông Anh'),(53,1,'Xã Ô Diên'),(54,1,'Xã Đa Phúc'),(55,1,'Xã Phúc Thịnh'),(56,1,'Xã Thư Lâm'),(57,1,'Xã Thiên Lộc'),(58,1,'Xã Đại Thanh'),(59,1,'Xã Phù Đổng'),(60,1,'Xã Quang Minh'),(61,1,'Xã Sóc Sơn'),(62,1,'Xã Thường Tín'),(63,1,'Xã Mê Linh'),(64,1,'Xã Gia Lâm'),(65,1,'Xã An Khánh'),(66,1,'Xã Phúc Thọ'),(67,1,'Xã Yên Lãng'),(68,1,'Xã Bình Minh'),(69,1,'Xã Nội Bài'),(70,1,'Xã Hát Môn'),(71,1,'Xã Dân Hòa'),(72,1,'Xã Phú Xuyên'),(73,1,'Xã Vĩnh Thanh'),(74,1,'Xã Hồng Vân'),(75,1,'Xã Tây Phương'),(76,1,'Xã Xuân Mai'),(77,1,'Xã Thanh Oai'),(78,1,'Xã Chương Dương'),(79,1,'Xã Ứng Hòa'),(80,1,'Xã Tiến Thắng'),(81,1,'Xã Quảng Oai'),(82,1,'Xã Thanh Trì'),(83,1,'Xã Đại Xuyên'),(84,1,'Xã Phúc Lộc'),(85,1,'Xã Hồng Sơn'),(86,1,'Xã Thuận An'),(87,1,'Xã Đan Phượng'),(88,1,'Xã Kiều Phú'),(89,1,'Xã Cổ Đô'),(90,1,'Xã Sơn Đồng'),(91,1,'Xã Phú Nghĩa'),(92,1,'Xã Phú Cát'),(93,1,'Xã Thượng Phúc'),(94,1,'Xã Phúc Sơn'),(95,1,'Xã Trung Giã'),(96,1,'Xã Quốc Oai'),(97,1,'Xã Hoài Đức'),(98,1,'Xã Hòa Xá'),(99,1,'Xã Thạch Thất'),(100,1,'Xã Mỹ Đức'),(101,1,'Xã Hương Sơn'),(102,1,'Xã Kim Anh'),(103,1,'Xã Tam Hưng'),(104,1,'Xã Bát Tràng'),(105,1,'Xã Vật Lại'),(106,1,'Xã Phượng Dực'),(107,1,'Xã Quảng Bị'),(108,1,'Xã Vân Đình'),(109,1,'Xã Yên Xuân'),(110,1,'Xã Đoài Phương'),(111,1,'Xã Trần Phú'),(112,1,'Xã Hạ Bằng'),(113,1,'Xã Chuyên Mỹ'),(114,1,'Xã Nam Phù'),(115,1,'Xã Hỏa Lạc'),(116,1,'Xã Ngọc Hồi'),(117,1,'Xã Ứng Thiên'),(118,1,'Xã Suối Hai'),(119,1,'Xã Bất Bạt'),(120,1,'Xã Liên Minh'),(121,1,'Xã Hưng Đạo'),(122,1,'Xã Dương Hòa'),(123,1,'Xã Hỏa Phú'),(124,1,'Xã Ba Vì'),(125,1,'Xã Yên Bài'),(126,1,'Xã Minh Châu'),(127,2,'Phường Kim Long'),(128,2,'Phường Phú Xuân'),(129,2,'Phường Hương An'),(130,2,'Phường Hóa Châu'),(131,2,'Phường Thuận Hóa'),(132,2,'Phường Dương Nỗ'),(133,2,'Phường An Cựu'),(134,2,'Phường Thủy Xuân'),(135,2,'Phường Vỹ Dạ'),(136,2,'Phường Thuận An'),(137,2,'Phường Mỹ Thượng'),(138,2,'Phường Phong Điền'),(139,2,'Phường Phong Thái'),(140,2,'Phường Phong Dinh'),(141,2,'Phường Phong Phú'),(142,2,'Phường Phong Quảng'),(143,2,'Phường Hương Trà'),(144,2,'Phường Kim Trà'),(145,2,'Phường Phú Bài'),(146,2,'Phường Hương Thủy'),(147,2,'Phường Thanh Thủy'),(148,2,'Xã Bình Điền'),(149,2,'Xã Quảng Điền'),(150,2,'Xã Đan Điền'),(151,2,'Xã Phú Hồ'),(152,2,'Xã Phú Vang'),(153,2,'Xã Phú Vinh'),(154,2,'Xã Vĩnh Lộc'),(155,2,'Xã Hưng Lộc'),(156,2,'Xã Lộc An'),(157,2,'Xã Phú Lộc'),(158,2,'Xã Chân Mây - Lăng Cô'),(159,2,'Xã Long Quảng'),(160,2,'Xã Nam Đông'),(161,2,'Xã Khe Tre'),(162,2,'Xã A Lưới 1'),(163,2,'Xã A Lưới 2'),(164,2,'Xã A Lưới 3'),(165,2,'Xã A Lưới 4'),(166,2,'Xã A Lưới 5'),(167,3,'Xã Quảng La'),(168,3,'Xã Thống Nhất'),(169,3,'Xã Hải Hòa'),(170,3,'Xã Tiên Yên'),(171,3,'Xã Điền Xá'),(172,3,'Xã Đông Ngũ'),(173,3,'Xã Hải Lạng'),(174,3,'Xã Lương Minh'),(175,3,'Xã Kỳ Thượng'),(176,3,'Xã Ba Chẽ'),(177,3,'Xã Quảng Tân'),(178,3,'Xã Đầm Hà'),(179,3,'Xã Quảng Hà'),(180,3,'Xã Đường Hoa'),(181,3,'Xã Quảng Đức'),(182,3,'Xã Hoành Mô'),(183,3,'Xã Lục Hồn'),(184,3,'Xã Bình Liêu'),(185,3,'Xã Hải Sơn'),(186,3,'Xã Hải Ninh'),(187,3,'Xã Vĩnh Thực'),(188,3,'Xã Cái Chiên'),(189,3,'Phường An Sinh'),(190,3,'Phường Đông Triều'),(191,3,'Phường Bình Khê'),(192,3,'Phường Mạo Khê'),(193,3,'Phường Hoàng Quế'),(194,3,'Phường Yên Tử'),(195,3,'Phường Vàng Danh'),(196,3,'Phường Uông Bí'),(197,3,'Phường Đông Mai'),(198,3,'Phường Hiệp Hòa'),(199,3,'Phường Quảng Yên'),(200,3,'Phường Hà An'),(201,3,'Phường Phong Cốc'),(202,3,'Phường Liên Hòa'),(203,3,'Phường Tuần Châu'),(204,3,'Phường Việt Hưng'),(205,3,'Phường Bãi Cháy'),(206,3,'Phường Hà Tu'),(207,3,'Phường Hà Lầm'),(208,3,'Phường Cao Xanh'),(209,3,'Phường Hồng Gai'),(210,3,'Phường Hạ Long'),(211,3,'Phường Hoành Bồ'),(212,3,'Phường Mông Dương'),(213,3,'Phường Quang Hanh'),(214,3,'Phường Cẩm Phả'),(215,3,'Phường Cửa Ông'),(216,3,'Phường Móng Cái 1'),(217,3,'Phường Móng Cái 2'),(218,3,'Phường Móng Cái 3'),(219,3,'Đặc khu Vân Đồn'),(220,3,'Đặc khu Cô Tô'),(221,4,'Xã Quảng Lâm'),(222,4,'Xã Nam Quang'),(223,4,'Xã Lý Bôn'),(224,4,'Xã Bảo Lâm'),(225,4,'Xã Yên Thổ'),(226,4,'Xã Sơn Lộ'),(227,4,'Xã Hưng Đạo'),(228,4,'Xã Bảo Lạc'),(229,4,'Xã Cốc Pàng'),(230,4,'Xã Cô Ba'),(231,4,'Xã Khánh Xuân'),(232,4,'Xã Xuân Trường'),(233,4,'Huy Giáp'),(234,4,'Xã Ca Thành'),(235,4,'Xã Phan Thanh'),(236,4,'Xã Thành Công'),(237,4,'Xã Tam Kim'),(238,4,'Xã Nguyên Bình'),(239,4,'Xã Tĩnh Túc'),(240,4,'Xã Minh Tâm'),(241,4,'Xã Thanh Long'),(242,4,'Xã Cần Yên'),(243,4,'Xã Thông Nông'),(244,4,'Xã Trường Hà'),(245,4,'Xã Hà Quảng'),(246,4,'Xã Lũng Nặm'),(247,4,'Xã Tổng Cọt'),(248,4,'Xã Nam Tuấn'),(249,4,'Xã Hòa An'),(250,4,'Xã Bạch Đằng'),(251,4,'Xã Nguyễn Huệ'),(252,4,'Xã Minh Khai'),(253,4,'Xã Canh Tân'),(254,4,'Xã Kim Đồng'),(255,4,'Xã Thạch An'),(256,4,'Xã Đông Khê'),(257,4,'Xã Đức Long'),(258,4,'Xã Phục Hòa'),(259,4,'Xã Bế Văn Đàn'),(260,4,'Xã Độc Lập'),(261,4,'Xã Quảng Uyên'),(262,4,'Xã Hạnh Phúc'),(263,4,'Xã Quang Hán'),(264,4,'Xã Trà Lĩnh'),(265,4,'Xã Quang Trung'),(266,4,'Xã Đoài Dương'),(267,4,'Xã Trùng Khánh'),(268,4,'Xã Đàm Thủy'),(269,4,'Xã Đình Phong'),(270,4,'Xã Hạ Lang'),(271,4,'Xã Lý Quốc'),(272,4,'Xã Vinh Quý'),(273,4,'Xã Quang Long'),(274,4,'Phường Thục Phán'),(275,4,'Phường Nùng Trí Cao'),(276,4,'Phường Tân Giang'),(277,5,'Xã Thất Khê'),(278,5,'Xã Đoàn Kết'),(279,5,'Xã Tân Tiến'),(280,5,'Xã Tràng Định'),(281,5,'Xã Quốc Khánh'),(282,5,'Xã Kháng Chiến'),(283,5,'Xã Quốc Việt'),(284,5,'Xã Bình Gia'),(285,5,'Xã Tân Văn'),(286,5,'Xã Hồng Phong'),(287,5,'Xã Hoa Thám'),(288,5,'Xã Quý Hòa'),(289,5,'Xã Thiện Hòa'),(290,5,'Xã Thiện Thuật'),(291,5,'Xã Thiện Long'),(292,5,'Xã Bắc Sơn'),(293,5,'Xã Hưng Vũ'),(294,5,'Xã Vũ Lăng'),(295,5,'Xã Nhất Hòa'),(296,5,'Xã Vũ Lễ'),(297,5,'Xã Tân Tri'),(298,5,'Xã Văn Quan'),(299,5,'Xã Điềm He'),(300,5,'Xã Yên Phúc'),(301,5,'Xã Tri Lễ'),(302,5,'Xã Tân Đoàn'),(303,5,'Xã Khánh Khê'),(304,5,'Xã Na Sầm'),(305,5,'Xã Hoàng Văn Thụ'),(306,5,'Xã Thụy Hùng'),(307,5,'Xã Văn Lãng'),(308,5,'Xã Hội Hoan'),(309,5,'Xã Lộc Bình'),(310,5,'Xã Mẫu Sơn'),(311,5,'Xã Na Dương'),(312,5,'Xã Lợi Bác'),(313,5,'Xã Thống Nhất'),(314,5,'Xã Xuân Dương'),(315,5,'Xã Khuất Xá'),(316,5,'Xã Đình Lập'),(317,5,'Xã Thái Bình'),(318,5,'Xã Châu Sơn'),(319,5,'Xã Kiên Mộc'),(320,5,'Xã Hữu Lũng'),(321,5,'Xã Tuấn Sơn'),(322,5,'Xã Tân Thành'),(323,5,'Xã Vân Nham'),(324,5,'Xã Thiện Tân'),(325,5,'Xã Yên Bình'),(326,5,'Xã Hữu Liên'),(327,5,'Xã Cai Kinh'),(328,5,'Xã Chi Lăng'),(329,5,'Xã Quan Sơn'),(330,5,'Xã Chiến Thắng'),(331,5,'Xã Nhân Lý'),(332,5,'Xã Bằng Mạc'),(333,5,'Xã Vạn Linh'),(334,5,'Xã Đồng Đăng'),(335,5,'Xã Cao Lộc'),(336,5,'Xã Công Sơn'),(337,5,'Xã Ba Sơn'),(338,5,'Phường Tam Thanh'),(339,5,'Phường Lương Văn Tri'),(340,5,'Phường Kỳ Lừa'),(341,5,'Phường Đông Kinh'),(342,6,'Xã Tà Tổng'),(343,6,'Xã Mù Cả'),(344,6,'Xã Mường Kim'),(345,6,'Xã Khoen On'),(346,6,'Xã Than Uyên'),(347,6,'Xã Mường Than'),(348,6,'Xã Pắc Ta'),(349,6,'Xã Nậm Sỏ'),(350,6,'Xã Tân Uyên'),(351,6,'Xã Mường Khoa'),(352,6,'Xã Bản Bo'),(353,6,'Xã Bình Lư'),(354,6,'Xã Tả Lèng'),(355,6,'Xã Khun Há'),(356,6,'Xã Sin Suối Hồ'),(357,6,'Xã Phong Thổ'),(358,6,'Xã Dào San'),(359,6,'Xã Sì Lở Lầu'),(360,6,'Xã Khổng Lào'),(361,6,'Xã Tủa Sín Chải'),(362,6,'Xã Sìn Hồ'),(363,6,'Xã Hồng Thu'),(364,6,'Xã Nậm Tăm'),(365,6,'Xã Pu Sam Cáp'),(366,6,'Xã Nậm Cuổi'),(367,6,'Xã Nậm Mạ'),(368,6,'Xã Lê Lợi'),(369,6,'Xã Nậm Hàng'),(370,6,'Xã Mường Mô'),(371,6,'Xã Hua Bum'),(372,6,'Xã Pa Tần'),(373,6,'Xã Bum Nưa'),(374,6,'Xã Bum Tở'),(375,6,'Xã Mường Tè'),(376,6,'Xã Thu Lũm'),(377,6,'Xã Pa Ủ'),(378,6,'Phường Tân Phong'),(379,6,'Phường Đoàn Kết'),(380,7,'Xã Mường Nhé'),(381,7,'Xã Sín Thầu'),(382,7,'Xã Mường Toong'),(383,7,'Xã Nậm Kè'),(384,7,'Xã Quảng Lâm'),(385,7,'Xã Nà Hỳ'),(386,7,'Xã Mường Chà'),(387,7,'Xã Nà Bủng'),(388,7,'Xã Chà Tờ'),(389,7,'Xã Si Pa Phìn'),(390,7,'Xã Na Sang'),(391,7,'Xã Mường Tùng'),(392,7,'Xã Pa Ham'),(393,7,'Xã Nậm Nèn'),(394,7,'Xã Mường Pồn'),(395,7,'Xã Tủa Chùa'),(396,7,'Xã Sín Chải'),(397,7,'Xã Sính Phình'),(398,7,'Xã Tủa Thàng'),(399,7,'Xã Sáng Nhè'),(400,7,'Xã Tuần Giáo'),(401,7,'Xã Quài Tở'),(402,7,'Xã Mường Mùn'),(403,7,'Xã Phú Nhung'),(404,7,'Xã Chiềng Sinh'),(405,7,'Xã Mường Ảng'),(406,7,'Xã Nà Tấu'),(407,7,'Xã Búng Lao'),(408,7,'Xã Mường Lạn'),(409,7,'Xã Mường Phăng'),(410,7,'Xã Thanh Nưa'),(411,7,'Xã Thanh An'),(412,7,'Xã Thanh Yên'),(413,7,'Xã Sam Mứn'),(414,7,'Xã Núa Ngam'),(415,7,'Xã Mường Nhà'),(416,7,'Xã Na Sơn'),(417,7,'Xã Xa Dung'),(418,7,'Xã Pu Nhi'),(419,7,'Xã Mường Luân'),(420,7,'Xã Tìa Dình'),(421,7,'Xã Phình Giàng'),(422,7,'Phường Mường Lay'),(423,7,'Phường Điện Biên Phủ'),(424,7,'Phường Mường Thanh'),(425,8,'Xã Đoàn Kết'),(426,8,'Xã Lóng Sập'),(427,8,'Xã Chiềng Sơn'),(428,8,'Xã Vân Hồ'),(429,8,'Xã Song Khùa'),(430,8,'Xã Tô Múa'),(431,8,'Xã Xuân Nha'),(432,8,'Xã Quỳnh Nhai'),(433,8,'Xã Mường Chiên'),(434,8,'Xã Mường Giôn'),(435,8,'Xã Mường Sại'),(436,8,'Xã Thuận Châu'),(437,8,'Xã Chiềng La'),(438,8,'Xã Nậm Lầu'),(439,8,'Xã Muổi Nội'),(440,8,'Xã Mường Khiêng'),(441,8,'Xã Co Mạ'),(442,8,'Xã Bình Thuận'),(443,8,'Xã Mường É'),(444,8,'Xã Long Hẹ'),(445,8,'Xã Mường La'),(446,8,'Xã Chiềng Lao'),(447,8,'Xã Mường Bú'),(448,8,'Xã Chiềng Hoa'),(449,8,'Xã Bắc Yên'),(450,8,'Xã Tà Xùa'),(451,8,'Xã Tạ Khoa'),(452,8,'Xã Xím Vàng'),(453,8,'Xã Pắc Ngà'),(454,8,'Xã Chiềng Sại'),(455,8,'Xã Phù Yên'),(456,8,'Xã Gia Phù'),(457,8,'Xã Tường Hạ'),(458,8,'Xã Mường Cơi'),(459,8,'Xã Mường Bang'),(460,8,'Xã Tân Phong'),(461,8,'Xã Kim Bon'),(462,8,'Xã Yên Châu'),(463,8,'Xã Chiềng Hặc'),(464,8,'Xã Lóng Phiêng'),(465,8,'Xã Yên Sơn'),(466,8,'Xã Chiềng Mai'),(467,8,'Xã Mai Sơn'),(468,8,'Xã Phiêng Pằn'),(469,8,'Xã Chiềng Mung'),(470,8,'Xã Phiêng Cằm'),(471,8,'Xã Mường Chanh'),(472,8,'Xã Tà Hộc'),(473,8,'Xã Chiềng Sung'),(474,8,'Xã Bó Sinh'),(475,8,'Xã Chiềng Khương'),(476,8,'Xã Mường Hung'),(477,8,'Xã Chiềng Khoong'),(478,8,'Xã Mường Lầm'),(479,8,'Xã Nậm Ty'),(480,8,'Xã Sông Mã'),(481,8,'Xã Huổi Một'),(482,8,'Xã Chiềng Sơ'),(483,8,'Xã Sốp Cộp'),(484,8,'Xã Púng Bánh'),(485,8,'Xã Mường Lạn'),(486,8,'Xã Phiêng Khoài'),(487,8,'Xã Suối Tọ'),(488,8,'Xã Ngọc Chiến'),(489,8,'Xã Tân Yên'),(490,8,'Xã Mường Bám'),(491,8,'Xã Mường Lèo'),(492,8,'Phường Tô Hiệu'),(493,8,'Phường Chiềng An'),(494,8,'Phường Chiềng Cơi'),(495,8,'Phường Chiềng Sinh'),(496,8,'Phường Mộc Châu'),(497,8,'Phường Mộc Sơn'),(498,8,'Phường Vân Sơn'),(499,8,'Phường Thảo Nguyên'),(500,9,'Xã An Nông'),(501,9,'Xã Ba Đình'),(502,9,'Xã Bá Thước'),(503,9,'Xã Bát Mọt'),(504,9,'Xã Biện Thượng'),(505,9,'Xã Các Sơn'),(506,9,'Xã Cẩm Tân'),(507,9,'Xã Cẩm Thạch'),(508,9,'Xã Cẩm Thủy'),(509,9,'Xã Cẩm Tú'),(510,9,'Xã Cẩm Vân'),(511,9,'Xã Cổ Lũng'),(512,9,'Xã Công Chính'),(513,9,'Xã Điền Lư'),(514,9,'Xã Điền Quang'),(515,9,'Xã Định Hòa'),(516,9,'Xã Định Tân'),(517,9,'Xã Đồng Lương'),(518,9,'Xã Đông Thành'),(519,9,'Xã Đồng Tiến'),(520,9,'Xã Giao An'),(521,9,'Xã Hà Long'),(522,9,'Xã Hà Trung'),(523,9,'Xã Hậu Lộc'),(524,9,'Xã Hiền Kiệt'),(525,9,'Xã Hoa Lộc'),(526,9,'Xã Hóa Quỳ'),(527,9,'Xã Hoạt Giang'),(528,9,'Xã Hoằng Châu'),(529,9,'Xã Hoằng Giang'),(530,9,'Xã Hoằng Hóa'),(531,9,'Xã Hoằng Lộc'),(532,9,'Xã Hoằng Phú'),(533,9,'Xã Hoằng Sơn'),(534,9,'Xã Hoằng Thanh'),(535,9,'Xã Hoằng Tiến'),(536,9,'Xã Hồ Vương'),(537,9,'Xã Hồi Xuân'),(538,9,'Xã Hợp Tiến'),(539,9,'Xã Kiên Thọ'),(540,9,'Xã Kim Tân'),(541,9,'Xã Lam Sơn'),(542,9,'Xã Linh Sơn'),(543,9,'Xã Lĩnh Toại'),(544,9,'Xã Luận Thành'),(545,9,'Xã Lương Sơn'),(546,9,'Xã Lưu Vệ'),(547,9,'Xã Mậu Lâm'),(548,9,'Xã Minh Sơn'),(549,9,'Xã Mường Chanh'),(550,9,'Xã Mường Lát'),(551,9,'Xã Mường Lý'),(552,9,'Xã Mường Mìn'),(553,9,'Xã Na Mèo'),(554,9,'Xã Nam Xuân'),(555,9,'Xã Nga An'),(556,9,'Xã Nga Sơn'),(557,9,'Xã Nga Thắng'),(558,9,'Xã Ngọc Lặc'),(559,9,'Xã Ngọc Liên'),(560,9,'Xã Ngọc Trạo'),(561,9,'Xã Nguyệt Ấn'),(562,9,'Xã Nhi Sơn'),(563,9,'Xã Như Thanh'),(564,9,'Xã Như Xuân'),(565,9,'Xã Nông Cống'),(566,9,'Xã Phú Lệ'),(567,9,'Xã Phú Xuân'),(568,9,'Xã Pù Luông'),(569,9,'Xã Pù Nhi'),(570,9,'Xã Quan Sơn'),(571,9,'Xã Quảng Bình'),(572,9,'Xã Quang Chiểu'),(573,9,'Xã Quảng Chính'),(574,9,'Xã Quảng Ngọc'),(575,9,'Xã Quảng Ninh'),(576,9,'Xã Quảng Yên'),(577,9,'Xã Quý Lộc'),(578,9,'Xã Quý Lương'),(579,9,'Xã Sao Vàng'),(580,9,'Xã Sơn Điện'),(581,9,'Xã Sơn Thủy'),(582,9,'Xã Tam Chung'),(583,9,'Xã Tam Lư'),(584,9,'Xã Tam Thanh'),(585,9,'Xã Tân Ninh'),(586,9,'Xã Tân Thành'),(587,9,'Xã Tân Tiến'),(588,9,'Xã Tây Đô'),(589,9,'Xã Thạch Bình'),(590,9,'Xã Thạch Lập'),(591,9,'Xã Thạch Quảng'),(592,9,'Xã Thanh Kỳ'),(593,9,'Xã Thanh Phong'),(594,9,'Xã Thanh Quân'),(595,9,'Xã Thành Vinh'),(596,9,'Xã Thăng Bình'),(597,9,'Xã Thắng Lộc'),(598,9,'Xã Thắng Lợi'),(599,9,'Xã Thiên Phủ'),(600,9,'Xã Thiết Ống'),(601,9,'Xã Thiệu Hóa'),(602,9,'Xã Thiệu Quang'),(603,9,'Xã Thiệu Tiến'),(604,9,'Xã Thiệu Toán'),(605,9,'Xã Thiệu Trung'),(606,9,'Xã Thọ Bình'),(607,9,'Xã Thọ Lập'),(608,9,'Xã Thọ Long'),(609,9,'Xã Thọ Ngọc'),(610,9,'Xã Thọ Phú'),(611,9,'Xã Thọ Xuân'),(612,9,'Xã Thượng Ninh'),(613,9,'Xã Thường Xuân'),(614,9,'Xã Tiên Trang'),(615,9,'Xã Tống Sơn'),(616,9,'Xã Triệu Lộc'),(617,9,'Xã Triệu Sơn'),(618,9,'Xã Trung Chính'),(619,9,'Xã Trung Hạ'),(620,9,'Xã Trung Lý'),(621,9,'Xã Trung Sơn'),(622,9,'Xã Trung Thành'),(623,9,'Xã Trường Lâm'),(624,9,'Xã Trường Văn'),(625,9,'Xã Tượng Lĩnh'),(626,9,'Xã Vạn Lộc'),(627,9,'Xã Vạn Xuân'),(628,9,'Xã Văn Nho'),(629,9,'Xã Văn Phú'),(630,9,'Xã Vân Du'),(631,9,'Xã Vĩnh Lộc'),(632,9,'Xã Xuân Bình'),(633,9,'Xã Xuân Chinh'),(634,9,'Xã Xuân Du'),(635,9,'Xã Xuân Hòa'),(636,9,'Xã Xuân Lập'),(637,9,'Xã Xuân Thái'),(638,9,'Xã Xuân Tín'),(639,9,'Xã Yên Định'),(640,9,'Xã Yên Khương'),(641,9,'Xã Yên Nhân'),(642,9,'Xã Yên Ninh'),(643,9,'Xã Yên Phú'),(644,9,'Xã Yên Thắng'),(645,9,'Xã Yên Thọ'),(646,9,'Xã Yên Trường'),(647,9,'Phường Bỉm Sơn'),(648,9,'Phường Đào Duy Từ'),(649,9,'Phường Đông Quang'),(650,9,'Phường Đông Sơn'),(651,9,'Phường Đông Tiến'),(652,9,'Phường Hạc Thành'),(653,9,'Phường Hải Bình'),(654,9,'Phường Hải Lĩnh'),(655,9,'Phường Hàm Rồng'),(656,9,'Phường Nam Sầm Sơn'),(657,9,'Phường Nghi Sơn'),(658,9,'Phường Ngọc Sơn'),(659,9,'Phường Nguyệt Viên'),(660,9,'Phường Quảng Phú'),(661,9,'Phường Quang Trung'),(662,9,'Phường Sầm Sơn'),(663,9,'Phường Tân Dân'),(664,9,'Phường Tĩnh Gia'),(665,9,'Phường Trúc Lâm'),(666,10,'Xã Anh Sơn'),(667,10,'Xã Yên Xuân'),(668,10,'Xã Nhân Hòa'),(669,10,'Xã Anh Sơn Đông'),(670,10,'Xã Vĩnh Tường'),(671,10,'Xã Thành Bình Thọ'),(672,10,'Xã Con Cuông'),(673,10,'Xã Môn Sơn'),(674,10,'Xã Mậu Thạch'),(675,10,'Xã Cam Phục'),(676,10,'Xã Châu Khê'),(677,10,'Xã Diễn Châu'),(678,10,'Xã Đức Châu'),(679,10,'Xã Quảng Châu'),(680,10,'Xã Hải Châu'),(681,10,'Xã Tân Châu'),(682,10,'Xã An Châu'),(683,10,'Xã Minh Châu'),(684,10,'Xã Hùng Châu'),(685,10,'Xã Đô Lương'),(686,10,'Xã Bạch Ngọc'),(687,10,'Xã Văn Hiến'),(688,10,'Xã Bạch Hà'),(689,10,'Xã Thuần Trung'),(690,10,'Xã Lương Sơn'),(691,10,'Xã Hưng Nguyên'),(692,10,'Xã Yên Trung'),(693,10,'Xã Hưng Nguyên Nam'),(694,10,'Xã Lam Thành'),(695,10,'Xã Chiêu Lưu'),(696,10,'Xã Hữu Kiệm'),(697,10,'Xã Mường Típ'),(698,10,'Xã Mường Ải'),(699,10,'Xã Na Loi'),(700,10,'Xã Na Ngoi'),(701,10,'Xã Nậm Cắn'),(702,10,'Xã Kim Liên'),(703,10,'Xã Vạn An'),(704,10,'Xã Nam Đàn'),(705,10,'Xã Đại Huệ'),(706,10,'Xã Thiên Nhẫn'),(707,10,'Xã Nghĩa Đàn'),(708,10,'Xã Nghĩa Thọ'),(709,10,'Xã Nghĩa Lâm'),(710,10,'Xã Nghĩa Mai'),(711,10,'Xã Nghĩa Hưng'),(712,10,'Xã Nghĩa Khánh'),(713,10,'Xã Nghĩa Lộc'),(714,10,'Xã Nghi Lộc'),(715,10,'Xã Phúc Lộc'),(716,10,'Xã Đông Lộc'),(717,10,'Xã Trung Lộc'),(718,10,'Xã Hải Lộc'),(719,10,'Xã Văn Kiều'),(720,10,'Xã Mường Quàng'),(721,10,'Xã Quế Phong'),(722,10,'Xã Thông Thụ'),(723,10,'Xã Tiền Phong'),(724,10,'Xã Tri Lễ'),(725,10,'Xã Quỳ Châu'),(726,10,'Xã Châu Tiến'),(727,10,'Xã Hùng Chân'),(728,10,'Xã Quỳ Hợp'),(729,10,'Xã Tam Hợp'),(730,10,'Xã Châu Lộc'),(731,10,'Xã Châu Hồng'),(732,10,'Xã Mường Ham'),(733,10,'Xã Mường Chon'),(734,10,'Xã Minh Hợp'),(735,10,'Xã Quỳnh Lưu'),(736,10,'Xã Quỳnh Văn'),(737,10,'Xã Quỳnh Anh'),(738,10,'Xã Quỳnh Tam'),(739,10,'Xã Quỳnh Phú'),(740,10,'Xã Quỳnh Sơn'),(741,10,'Xã Quỳnh Thắng'),(742,10,'Xã Tân Kỳ'),(743,10,'Xã Tân Phú'),(744,10,'Xã Tân An'),(745,10,'Xã Nghĩa Đồng'),(746,10,'Xã Giai Xuân'),(747,10,'Xã Nghĩa Hành'),(748,10,'Xã Tiên Đồng'),(749,10,'Xã Đông Hiếu'),(750,10,'Xã Bích Hảo'),(751,10,'Xã Cát Ngạn'),(752,10,'Xã Đại Đồng'),(753,10,'Xã Hạnh Lâm'),(754,10,'Xã Hoa Quân'),(755,10,'Xã Kim Bảng'),(756,10,'Xã Sơn Lâm'),(757,10,'Xã Tam Đồng'),(758,10,'Xã Xuân Lâm'),(759,10,'Xã Nga My'),(760,10,'Xã Nhôn Mai'),(761,10,'Xã Tam Quang'),(762,10,'Xã Tam Thái'),(763,10,'Xã Tương Dương'),(764,10,'Xã Yên Hòa'),(765,10,'Xã Yên Na'),(766,10,'Xã Yên Thành'),(767,10,'Xã Quan Thành'),(768,10,'Xã Hợp Minh'),(769,10,'Xã Văn Tự'),(770,10,'Xã Văn Du'),(771,10,'Xã Quang Đồng'),(772,10,'Xã Giai Lạc'),(773,10,'Xã Bình Minh'),(774,10,'Xã Đông Thành'),(775,10,'Xã Keng Đu'),(776,10,'Xã Mỹ Lý'),(777,10,'Xã Bắc Lý'),(778,10,'Xã Huổi tụ'),(779,10,'Xã Mường Lống'),(780,10,'Xã Bình Chuẩn'),(781,10,'Xã Hữu Khuông'),(782,10,'Xã Lượng Minh'),(783,10,'Xã Châu Bình'),(784,10,'Phường Hoàng Mai'),(785,10,'Phường Quỳnh Mai'),(786,10,'Phường Tân Mai'),(787,10,'Phường Thái Hòa'),(788,10,'Phường Tây Hiếu'),(789,10,'Phường Trường Vinh'),(790,10,'Phường Thành Vinh'),(791,10,'Phường Vinh Hưng'),(792,10,'Phường Vinh Phú'),(793,10,'Phường Vinh Lộc'),(794,10,'Phường Cửa Lò'),(795,11,'Xã Thạch Lạc'),(796,11,'Xã Đồng Tiến'),(797,11,'Xã Thạch Khê'),(798,11,'Xã Cẩm Bình'),(799,11,'Xã Kỳ Xuân'),(800,11,'Xã Kỳ Anh'),(801,11,'Xã Kỳ Hoa'),(802,11,'Xã Kỳ Văn'),(803,11,'Xã Kỳ Khang'),(804,11,'Xã Kỳ Lạc'),(805,11,'Xã Kỳ Thượng'),(806,11,'Xã Cẩm Xuyên'),(807,11,'Xã Thiên Cầm'),(808,11,'Xã Cẩm Duệ'),(809,11,'Xã Cẩm Hưng'),(810,11,'Xã Cẩm Lạc'),(811,11,'Xã Cẩm Trung'),(812,11,'Xã Yên Hòa'),(813,11,'Xã Thạch Hà'),(814,11,'Xã Toàn Lưu'),(815,11,'Xã Việt Xuyên'),(816,11,'Xã Đông Kinh'),(817,11,'Xã Thạch Xuân'),(818,11,'Xã Lộc Hà'),(819,11,'Xã Hồng Lộc'),(820,11,'Xã Mai Phụ'),(821,11,'Xã Can Lộc'),(822,11,'Xã Tùng Lộc'),(823,11,'Xã Gia Hanh'),(824,11,'Xã Trường Lưu'),(825,11,'Xã Xuân Lộc'),(826,11,'Xã Đồng Lộc'),(827,11,'Xã Tiên Điền'),(828,11,'Xã Nghi Xuân'),(829,11,'Xã Cổ Đạm'),(830,11,'Xã Đan Hải'),(831,11,'Xã Đức Thọ'),(832,11,'Xã Đức Đồng'),(833,11,'Xã Đức Quang'),(834,11,'Xã Đức Thịnh'),(835,11,'Xã Đức Minh'),(836,11,'Xã Hương Sơn'),(837,11,'Xã Sơn Tây'),(838,11,'Xã Tứ Mỹ'),(839,11,'Xã Sơn Giang'),(840,11,'Xã Sơn Tiến'),(841,11,'Xã Sơn Hồng'),(842,11,'Xã Kim Hoa'),(843,11,'Xã Vũ Quang'),(844,11,'Xã Mai Hoa'),(845,11,'Xã Thượng Đức'),(846,11,'Xã Hương Khê'),(847,11,'Xã Hương Phố'),(848,11,'Xã Hương Đô'),(849,11,'Xã Hà Linh'),(850,11,'Xã Hương Bình'),(851,11,'Xã Phúc Trạch'),(852,11,'Xã Hương Xuân'),(853,11,'Xã Sơn Kim 1'),(854,11,'Xã Sơn Kim 2'),(855,11,'Phường Thành Sen'),(856,11,'Phường Trần Phú'),(857,11,'Phường Hà Huy Tập'),(858,11,'Phường Vũng Áng'),(859,11,'Phường Sông Trí'),(860,11,'Phường Hoành Sơn'),(861,11,'Phường Hải Ninh'),(862,11,'Phường Bắc Hồng Lĩnh'),(863,11,'Phường Nam Hồng Lĩnh'),(864,12,'Xã Thượng Lâm'),(865,12,'Xã Lâm Bình'),(866,12,'Xã Minh Quang'),(867,12,'Xã Bình An'),(868,12,'Xã Côn Lôn'),(869,12,'Xã Yên Hoa'),(870,12,'Xã Thượng Nông'),(871,12,'Xã Hồng Thái'),(872,12,'Xã Nà Hang'),(873,12,'Xã Tân Mỹ'),(874,12,'Xã Yên Lập'),(875,12,'Xã Tân An'),(876,12,'Xã Chiêm Hóa'),(877,12,'Xã Hòa An'),(878,12,'Xã Kiên Đài'),(879,12,'Xã Tri Phú'),(880,12,'Xã Kim Bình'),(881,12,'Xã Yên Nguyên'),(882,12,'Xã Yên Phú'),(883,12,'Xã Bạch Xa'),(884,12,'Xã Phù Lưu'),(885,12,'Xã Hàm Yên'),(886,12,'Xã Bình Xa'),(887,12,'Xã Thái Sơn'),(888,12,'Xã Thái Hòa'),(889,12,'Xã Hùng Lợi'),(890,12,'Xã Trung Sơn'),(891,12,'Xã Thái Bình'),(892,12,'Xã Tân Long'),(893,12,'Xã Xuân Vân'),(894,12,'Xã Lực Hành'),(895,12,'Xã Yên Sơn'),(896,12,'Xã Nhữ Khê'),(897,12,'Xã Tân Trào'),(898,12,'Xã Minh Thanh'),(899,12,'Xã Sơn Dương'),(900,12,'Xã Bình Ca'),(901,12,'Xã Tân Thanh'),(902,12,'Xã Sơn Thủy'),(903,12,'Xã Phú Lương'),(904,12,'Xã Trường Sinh'),(905,12,'Xã Hồng Sơn'),(906,12,'Xã Đông Thọ'),(907,12,'Xã Lũng Cú'),(908,12,'Xã Đồng Văn'),(909,12,'Xã Sà Phìn'),(910,12,'Xã Phố Bảng'),(911,12,'Xã Lũng Phìn'),(912,12,'Xã Sủng Máng'),(913,12,'Xã Sơn Vĩ'),(914,12,'Xã Mèo Vạc'),(915,12,'Xã Khâu Vai'),(916,12,'Xã Niêm Sơn'),(917,12,'Xã Tát Ngà'),(918,12,'Xã Thắng Mố'),(919,12,'Xã Bạch Đích'),(920,12,'Xã Yên Minh'),(921,12,'Xã Mậu Duệ'),(922,12,'Xã Du Già'),(923,12,'Xã Đường Thượng'),(924,12,'Xã Lùng Tám'),(925,12,'Xã Cán Tỷ'),(926,12,'Xã Nghĩa Thuận'),(927,12,'Xã Quản Bạ'),(928,12,'Xã Tùng Vài'),(929,12,'Xã Yên Cường'),(930,12,'Xã Đường Hồng'),(931,12,'Xã Bắc Mê'),(932,12,'Xã Minh Ngọc'),(933,12,'Xã Ngọc Đường'),(934,12,'Xã Lao Chải'),(935,12,'Xã Thanh Thủy'),(936,12,'Xã Phú Linh'),(937,12,'Xã Linh Hồ'),(938,12,'Xã Bạch Ngọc'),(939,12,'Xã Vị Xuyên'),(940,12,'Xã Việt Lâm'),(941,12,'Xã Tân Quang'),(942,12,'Xã Đồng Tâm'),(943,12,'Xã Liên Hiệp'),(944,12,'Xã Bằng Hành'),(945,12,'Xã Bắc Quang'),(946,12,'Xã Hùng An'),(947,12,'Xã Vĩnh Tuy'),(948,12,'Xã Đồng Yên'),(949,12,'Xã Tiên Yên'),(950,12,'Xã Xuân Giang'),(951,12,'Xã Bằng Lang'),(952,12,'Xã Yên Thành'),(953,12,'Xã Quang Bình'),(954,12,'Xã Tân Trịnh'),(955,12,'Xã Thông Nguyên'),(956,12,'Xã Hồ Thầu'),(957,12,'Xã Nậm Dịch'),(958,12,'Xã Tân Tiến'),(959,12,'Xã Hoàng Su Phì'),(960,12,'Xã Thàng Tín'),(961,12,'Xã Bản Máy'),(962,12,'Xã Pờ Ly Ngài'),(963,12,'Xã Xín Mần'),(964,12,'Xã Pà Vầy Sủ'),(965,12,'Xã Nấm Dẩn'),(966,12,'Xã Trung Thịnh'),(967,12,'Xã Khuôn Lùng'),(968,12,'Xã Trung Hà'),(969,12,'Xã Kiến Thiết'),(970,12,'Xã Hùng Đức'),(971,12,'Xã Minh Sơn'),(972,12,'Xã Minh Tân'),(973,12,'Xã Thuận Hòa'),(974,12,'Xã Tùng Bá'),(975,12,'Xã Thượng Sơn'),(976,12,'Xã Cao Bồ'),(977,12,'Xã Ngọc Long'),(978,12,'Xã Giáp Trung'),(979,12,'Xã Tiên Nguyên'),(980,12,'Xã Quảng Nguyên'),(981,12,'Phường Mỹ Lâm'),(982,12,'Phường Minh Xuân'),(983,12,'Phường Nông Tiến'),(984,12,'Phường An Tường'),(985,12,'Phường Bình Thuận'),(986,12,'Phường Hà Giang 1'),(987,12,'Phường Hà Giang 2'),(988,13,'Xã Khao Mang'),(989,13,'Xã Mù Cang Chải'),(990,13,'Xã Púng Luông'),(991,13,'Xã Tú Lệ'),(992,13,'Xã Trạm Tấu'),(993,13,'Xã Hạnh Phúc'),(994,13,'Xã Phình Hồ'),(995,13,'Xã Liên Sơn'),(996,13,'Xã Gia Hội'),(997,13,'Xã Sơn Lương'),(998,13,'Xã Văn Chấn'),(999,13,'Xã Thượng Bằng La'),(1000,13,'Xã Chấn Thịnh'),(1001,13,'Xã Nghĩa Tâm'),(1002,13,'Xã Phong Dụ Hạ'),(1003,13,'Xã Châu Quế'),(1004,13,'Xã Lâm Giang'),(1005,13,'Xã Đông Cuông'),(1006,13,'Xã Tân Hợp'),(1007,13,'Xã Mậu A'),(1008,13,'Xã Xuân Ái'),(1009,13,'Xã Mỏ Vàng'),(1010,13,'Xã Lâm Thượng'),(1011,13,'Xã Lục Yen'),(1012,13,'Xã Tân Lĩnh'),(1013,13,'Xã Khánh Hòa'),(1014,13,'Xã Phúc Lợi'),(1015,13,'Xã Mường Lai'),(1016,13,'Xã Cảm Nhân'),(1017,13,'Xã Yên Thành'),(1018,13,'Xã Thác Bà'),(1019,13,'Xã Yên Bình'),(1020,13,'Xã Bảo Ái'),(1021,13,'Xã Trần Yên'),(1022,13,'Xã Hưng Khánh'),(1023,13,'Xã Lương Thịnh'),(1024,13,'Xã Việt Hồng'),(1025,13,'Xã Quy Mông'),(1026,13,'Xã Cốc San'),(1027,13,'Xã Hợp Thành'),(1028,13,'Xã Phong Hải'),(1029,13,'Xã Xuân Quang'),(1030,13,'Xã Bảo Thắng'),(1031,13,'Xã Tằng Loỏng'),(1032,13,'Xã Gia Phú'),(1033,13,'Xã Mường Hum'),(1034,13,'Xã Dền Sáng'),(1035,13,'Xã Y Tý'),(1036,13,'Xã A Mú Sung'),(1037,13,'Xã Trịnh Tường'),(1038,13,'Xã Bản Xèo'),(1039,13,'Xã Bát Xát'),(1040,13,'Xã Võ Lao'),(1041,13,'Xã Khánh Yên'),(1042,13,'Xã Văn Bản'),(1043,13,'Xã Dương Quỳ'),(1044,13,'Xã Chiềng Ken'),(1045,13,'Xã Minh Lương'),(1046,13,'Xã Nậm Chảy'),(1047,13,'Xã Bảo Yên'),(1048,13,'Xã Nghĩa Đô'),(1049,13,'Xã Thượng Hà'),(1050,13,'Xã Xuân Hòa'),(1051,13,'Xã Phúc Khánh'),(1052,13,'Xã Bảo Hà'),(1053,13,'Xã Mường Bo'),(1054,13,'Xã Bản Hồ'),(1055,13,'Xã Tả Van'),(1056,13,'Xã Tả Phìn'),(1057,13,'Xã Cốc Lầu'),(1058,13,'Xã Bảo Nhai'),(1059,13,'Xã Bản Liền'),(1060,13,'Xã Bắc Hà'),(1061,13,'Xã Tả Củ Tỷ'),(1062,13,'Xã Lùng Phình'),(1063,13,'Xã Pha Long'),(1064,13,'Xã Mường Khương'),(1065,13,'Xã Bản Lầu'),(1066,13,'Xã Cao Sơn'),(1067,13,'Xã Si Ma Cai'),(1068,13,'Xã Sín Chéng'),(1069,13,'Xã Nậm Xé'),(1070,13,'Xã Ngũ Chỉ Sơn'),(1071,13,'Xã Chế Tạo'),(1072,13,'Xã Lao Chải'),(1073,13,'Xã Nậm Có'),(1074,13,'Xã Tà Xi Láng'),(1075,13,'Xã Cát Thịnh'),(1076,13,'Xã Phong Dụ Thượng'),(1077,13,'Phường Nghĩa Lộ'),(1078,13,'Phường Trung Tâm'),(1079,13,'Phường Cầu Thia'),(1080,13,'Phường Văn Phú'),(1081,13,'Phường Yên Bái'),(1082,13,'Phường Nam Cường'),(1083,13,'Phường Âu Lâu'),(1084,13,'Phường Cam Đường'),(1085,13,'Phường Lào Cai'),(1086,13,'Phường Sa Pa'),(1087,14,'Phường Phan Đình Phùng'),(1088,14,'Phường Linh Sơn'),(1089,14,'Phường Tích Lương'),(1090,14,'Phường Gia Sàng'),(1091,14,'Phường Quyết Thắng'),(1092,14,'Phường Quan Triều'),(1093,14,'Phường Phổ Yên'),(1094,14,'Phường Vạn Xuân'),(1095,14,'Phường Trung Thành'),(1096,14,'Phường Phúc Thuận'),(1097,14,'Phường Sông Công'),(1098,14,'Phường Bá Xuyên'),(1099,14,'Phường Bách Quang'),(1100,14,'Phường Đức Xuân'),(1101,14,'Phường Bắc Kạn'),(1102,14,'Xã Tân Cương'),(1103,14,'Xã Đại Phúc'),(1104,14,'Xã Đại Từ'),(1105,14,'Xã Đức Lương'),(1106,14,'Xã Phú Thịnh'),(1107,14,'Xã La Bằng'),(1108,14,'Xã Phú Lạc'),(1109,14,'Xã An Khánh'),(1110,14,'Xã Quân Chu'),(1111,14,'Xã Vạn Phú'),(1112,14,'Xã Phú Xuyên'),(1113,14,'Xã Thành Công'),(1114,14,'Xã Phú Bình'),(1115,14,'Xã Tân Thành'),(1116,14,'Xã Điềm Thụy'),(1117,14,'Xã Kha Sơn'),(1118,14,'Xã Tân Khánh'),(1119,14,'Xã Đồng Hỷ'),(1120,14,'Xã Quang Sơn'),(1121,14,'Xã Trại Cau'),(1122,14,'Xã Nam Hòa'),(1123,14,'Xã Văn Hán'),(1124,14,'Xã Văn Lăng'),(1125,14,'Xã Phú Lương'),(1126,14,'Xã Vô Tranh'),(1127,14,'Xã Yên Trạch'),(1128,14,'Xã Hợp Thành'),(1129,14,'Xã Định Hóa'),(1130,14,'Xã Bình Yên'),(1131,14,'Xã Trung Hội'),(1132,14,'Xã Phượng Tiến'),(1133,14,'Xã Phú Đình'),(1134,14,'Xã Bình Thành'),(1135,14,'Xã Kim Phượng'),(1136,14,'Xã Lam Vỹ'),(1137,14,'Xã Võ Nhai'),(1138,14,'Xã Dân Tiến'),(1139,14,'Xã Nghinh Tường'),(1140,14,'Xã Thần Sa'),(1141,14,'Xã La Hiên'),(1142,14,'Xã Tràng Xá'),(1143,14,'Xã Sảng Mộc'),(1144,14,'Xã Bằng Thành'),(1145,14,'Xã Nghiên Loan'),(1146,14,'Xã Cao Minh'),(1147,14,'Xã Ba Bể'),(1148,14,'Xã Chợ Rã'),(1149,14,'Xã Phúc Lộc'),(1150,14,'Xã Thượng Minh'),(1151,14,'Xã Đồng Phúc'),(1152,14,'Xã Thượng Quan'),(1153,14,'Xã Bằng Vân'),(1154,14,'Xã Ngân Sơn'),(1155,14,'Xã Nà Phặc'),(1156,14,'Xã Hiệp Lực'),(1157,14,'Xã Nam Cường'),(1158,14,'Xã Quảng Bạch'),(1159,14,'Xã Yên Thịnh'),(1160,14,'Xã Chợ Đồn'),(1161,14,'Xã Yên Phong'),(1162,14,'Xã Nghĩa Tá'),(1163,14,'Xã Phủ Thông'),(1164,14,'Xã Cẩm Giàng'),(1165,14,'Xã Vi Hương'),(1166,14,'Xã Bạch Thông'),(1167,14,'Xã Phong Quang'),(1168,14,'Xã Văn Lang'),(1169,14,'Xã Cường Lợi'),(1170,14,'Xã Na Rì'),(1171,14,'Xã Trần Phú'),(1172,14,'Xã Côn Minh'),(1173,14,'Xã Xuân Dương'),(1174,14,'Xã Tân Kỳ'),(1175,14,'Xã Thanh Mai'),(1176,14,'Xã Thanh Thịnh'),(1177,14,'Xã Chợ Mới'),(1178,14,'Xã Yên Bình'),(1179,15,'Xã Hy Cương'),(1180,15,'Xã Lâm Thao'),(1181,15,'Xã Xuân Lũng'),(1182,15,'Xã Phùng Nguyên'),(1183,15,'Xã Bản Nguyên'),(1184,15,'Xã Phù Ninh'),(1185,15,'Xã Dân Chủ'),(1186,15,'Xã Phú Mỹ'),(1187,15,'Xã Trạm Thản'),(1188,15,'Xã Bình Phú'),(1189,15,'Xã Thanh Ba'),(1190,15,'Xã Quảng Yên'),(1191,15,'Xã Hoàng Cương'),(1192,15,'Xã Đông Thành'),(1193,15,'Xã Chí Tiên'),(1194,15,'Xã Liên Minh'),(1195,15,'Xã Đoan Hùng'),(1196,15,'Xã Tây Cốc'),(1197,15,'Xã Chân Mộng'),(1198,15,'Xã Chí Đám'),(1199,15,'Xã Bằng Luân'),(1200,15,'Xã Hạ Hòa'),(1201,15,'Xã Đan Thượng'),(1202,15,'Xã Yên Kỳ'),(1203,15,'Xã Vĩnh Chân'),(1204,15,'Xã Văn Lang'),(1205,15,'Xã Hiền Lương'),(1206,15,'Xã Cẩm Khê'),(1207,15,'Xã Phú Khê'),(1208,15,'Xã Hùng Việt'),(1209,15,'Xã Đồng Lương'),(1210,15,'Xã Tiên Lương'),(1211,15,'Xã Vân Bán'),(1212,15,'Xã Tam Nông'),(1213,15,'Xã Thọ Văn'),(1214,15,'Xã Vạn Xuân'),(1215,15,'Xã Hiền Quan'),(1216,15,'Xã Thanh Thủy'),(1217,15,'Xã Đào Xá'),(1218,15,'Xã Tu Vũ'),(1219,15,'Xã Thanh Sơn'),(1220,15,'Xã Võ Miếu'),(1221,15,'Xã Văn Miếu'),(1222,15,'Xã Cự Đồng'),(1223,15,'Xã Hương Cần'),(1224,15,'Xã Yên Sơn'),(1225,15,'Xã Khả Cửu'),(1226,15,'Xã Tân Sơn'),(1227,15,'Xã Minh Đài'),(1228,15,'Xã Lai Đồng'),(1229,15,'Xã Xuân Đài'),(1230,15,'Xã Long Cốc'),(1231,15,'Xã Yên Lập'),(1232,15,'Xã Thượng Long'),(1233,15,'Xã Sơn Lương'),(1234,15,'Xã Xuân Viên'),(1235,15,'Xã Minh Hòa'),(1236,15,'Xã Tam Sơn'),(1237,15,'Xã Sông Lô'),(1238,15,'Xã Hải Lựu'),(1239,15,'Xã Yên Lãng'),(1240,15,'Xã Lập Thạch'),(1241,15,'Xã Tiên Lữ'),(1242,15,'Xã Thái Hòa'),(1243,15,'Xã Liên Hòa'),(1244,15,'Xã Hợp Lý'),(1245,15,'Xã Sơn Đông'),(1246,15,'Xã Tam Đảo'),(1247,15,'Xã Đại Đình'),(1248,15,'Xã Đạo Trù'),(1249,15,'Xã Tam Dương'),(1250,15,'Xã Hội Thịnh'),(1251,15,'Xã Hoàng An'),(1252,15,'Xã Tam Dương Bắc'),(1253,15,'Xã Vĩnh Tường'),(1254,15,'Xã Thổ Tang'),(1255,15,'Xã Vĩnh Hưng'),(1256,15,'Xã Vĩnh An'),(1257,15,'Xã Vĩnh Phú'),(1258,15,'Xã Vĩnh Thành'),(1259,15,'Xã Yên Lạc'),(1260,15,'Xã Tề Lỗ'),(1261,15,'Xã Liên Châu'),(1262,15,'Xã Tam Hồng'),(1263,15,'Xã Nguyệt Đức'),(1264,15,'Xã Bình Nguyên'),(1265,15,'Xã Xuân Lãng'),(1266,15,'Xã Bình Xuyên'),(1267,15,'Xã Bình Tuyền'),(1268,15,'Xã Thịnh Minh'),(1269,15,'Xã Cao Phong'),(1270,15,'Xã Mường Thàng'),(1271,15,'Xã Thung Nai'),(1272,15,'Xã Đà Bắc'),(1273,15,'Xã Cao Sơn'),(1274,15,'Xã Đức Nhân'),(1275,15,'Xã Quy Đức'),(1276,15,'Xã Tân Pheo'),(1277,15,'Xã Tiền Phong'),(1278,15,'Xã Kim Bôi'),(1279,15,'Xã Mường Động'),(1280,15,'Xã Dũng Tiến'),(1281,15,'Xã Hợp Kim'),(1282,15,'Xã Nật Sơ'),(1283,15,'Xã Lạc Sơn'),(1284,15,'Xã Mường Vang'),(1285,15,'Xã Đại Đồng'),(1286,15,'Xã Ngọc Sơn'),(1287,15,'Xã Nhân Nghĩa'),(1288,15,'Xã Quyết Thắng'),(1289,15,'Xã Thượng Cốc'),(1290,15,'Xã Yên Phú'),(1291,15,'Xã Lạc Thủy'),(1292,15,'Xã An Bình'),(1293,15,'Xã An Nghĩa'),(1294,15,'Xã Lương Sơn'),(1295,15,'Xã Cao Dương'),(1296,15,'Xã Liên Sơn'),(1297,15,'Xã Mai Châu'),(1298,15,'Xã Bao La'),(1299,15,'Xã Mai Hạ'),(1300,15,'Xã Pà Cò'),(1301,15,'Xã Tân Mai'),(1302,15,'Xã Tân Lạc'),(1303,15,'Xã Mường Bi'),(1304,15,'Xã Mường Hoa'),(1305,15,'Xã Toàn Thắng'),(1306,15,'Xã Vân Sơn'),(1307,15,'Xã Yên Thủy'),(1308,15,'Xã Lạc Lương'),(1309,15,'Xã Yên Trị'),(1310,15,'Xã Thu Cúc'),(1311,15,'Xã Trung Sơn'),(1312,15,'Phường Việt Trì'),(1313,15,'Phường Nông Trang'),(1314,15,'Phường Thanh Miếu'),(1315,15,'Phường Vân Phú'),(1316,15,'Phường Phú Thọ'),(1317,15,'Phường Phong Châu'),(1318,15,'Phường Âu Cơ'),(1319,15,'Phường Vĩnh Phúc'),(1320,15,'Phường Vĩnh Yên'),(1321,15,'Phường Phúc Yên'),(1322,15,'Phường Xuân Hòa'),(1323,15,'Phường Hòa Bình'),(1324,15,'Phường Kỳ Sơn'),(1325,15,'Phường Tân Hòa'),(1326,15,'Phường Thống Nhất'),(1327,16,'Phường Kinh Bắc'),(1328,16,'Phường Võ Cường'),(1329,16,'Phường Vũ Ninh'),(1330,16,'Phường Hạp Lĩnh'),(1331,16,'Phường Nam Sơn'),(1332,16,'Phường Từ Sơn'),(1333,16,'Phường Tam Sơn'),(1334,16,'Phường Đồng Nguyên'),(1335,16,'Phường Phù Khê'),(1336,16,'Phường Thuận Thành'),(1337,16,'Phường Mão Dien'),(1338,16,'Phường Trạm Lộ'),(1339,16,'Phường Trí Quả'),(1340,16,'Phường Song Liễu'),(1341,16,'Phường Ninh Xá'),(1342,16,'Phường Quế Võ'),(1343,16,'Phường Phương Liễu'),(1344,16,'Phường Nhân Hòa'),(1345,16,'Phường Đào Viên'),(1346,16,'Phường Bồng Lai'),(1347,16,'Phường Chũ'),(1348,16,'Phường Phượng Sơn'),(1349,16,'Phường Tự Lan'),(1350,16,'Phường Việt Yên'),(1351,16,'Phường Nếnh'),(1352,16,'Phường Vân Hà'),(1353,16,'Phường Bắc Giang'),(1354,16,'Phường Đa Mai'),(1355,16,'Phường Tiền Phong'),(1356,16,'Phường Tân An'),(1357,16,'Phường Yên Dũng'),(1358,16,'Phường Tân Tiến'),(1359,16,'Phường Cảnh Thụy'),(1360,16,'Xã Chi Lăng'),(1361,16,'Xã Phù Lãng'),(1362,16,'Xã Yên Phong'),(1363,16,'Xã Văn Môn'),(1364,16,'Xã Tam Giang'),(1365,16,'Xã Yên Trung'),(1366,16,'Xã Tam Đa'),(1367,16,'Xã Tiên Du'),(1368,16,'Xã Liên Bão'),(1369,16,'Xã Tân Chi'),(1370,16,'Xã Đại Đồng'),(1371,16,'Xã Phật Tích'),(1372,16,'Xã Gia Bình'),(1373,16,'Xã Nhân Thắng'),(1374,16,'Xã Đại Lai'),(1375,16,'Xã Cao Đức'),(1376,16,'Xã Đông Cứu'),(1377,16,'Xã Lương Tài'),(1378,16,'Xã Lâm Thao'),(1379,16,'Xã Trung Chính'),(1380,16,'Xã Trung Kênh'),(1381,16,'Xã Đại Sơn'),(1382,16,'Xã Sơn Động'),(1383,16,'Xã Tây Yên Tử'),(1384,16,'Xã Dương Hưu'),(1385,16,'Xã Yên Định'),(1386,16,'Xã An Lạc'),(1387,16,'Xã Vân Sơn'),(1388,16,'Xã Tuấn Đạo'),(1389,16,'Xã Biển Động'),(1390,16,'Xã Lục Ngạn'),(1391,16,'Xã Đèo Gia'),(1392,16,'Xã Sơn Hải'),(1393,16,'Xã Tân Sơn'),(1394,16,'Xã Biên Sơn'),(1395,16,'Xã Sa Lý'),(1396,16,'Xã Nam Dương'),(1397,16,'Xã Kiên Lao'),(1398,16,'Xã Lục Sơn'),(1399,16,'Xã Trường Sơn'),(1400,16,'Xã Cẩm Lý'),(1401,16,'Xã Đông Phú'),(1402,16,'Xã Nghĩa Phương'),(1403,16,'Xã Lục Nam'),(1404,16,'Xã Bắc Lũng'),(1405,16,'Xã Bảo Đài'),(1406,16,'Xã Lạng Giang'),(1407,16,'Xã Mỹ Thái'),(1408,16,'Xã Kép'),(1409,16,'Xã Tân Dĩnh'),(1410,16,'Xã Tiên Lục'),(1411,16,'Xã Ngọc Thiện'),(1412,16,'Xã Nhã Nam'),(1413,16,'Xã Phúc Hoà'),(1414,16,'Xã Quang Trung'),(1415,16,'Xã Hợp Thịnh'),(1416,16,'Xã Hiệp Hoà'),(1417,16,'Xã Hoàng Vân'),(1418,16,'Xã Xuân Cẩm'),(1419,16,'Xã Đồng Việt'),(1420,16,'Xã Tân Yên'),(1421,16,'Xã Yên Thế'),(1422,16,'Xã Bố Hạ'),(1423,16,'Xã Đồng Kỳ'),(1424,16,'Xã Xuân Lương'),(1425,16,'Xã Tam Tiến'),(1426,17,'Xã Tân Hưng'),(1427,17,'Xã Hoàng Hoa Thám'),(1428,17,'Xã Tiên Lữ'),(1429,17,'Xã Tiên Hoa'),(1430,17,'Xã Quang Hưng'),(1431,17,'Xã Đoàn Đào'),(1432,17,'Xã Tiên Tiến'),(1433,17,'Xã Tống Trân'),(1434,17,'Xã Lương Bằng'),(1435,17,'Xã Nghĩa Dân'),(1436,17,'Xã Hiệp Cường'),(1437,17,'Xã Đức Hợp'),(1438,17,'Xã Ân Thi'),(1439,17,'Xã Xuân Trúc'),(1440,17,'Xã Phạm Ngũ Lão'),(1441,17,'Xã Nguyễn Trãi'),(1442,17,'Xã Hồng Quang'),(1443,17,'Xã Khoái Châu'),(1444,17,'Xã Triệu Việt Vương'),(1445,17,'Xã Việt Tiến'),(1446,17,'Xã Chí Minh'),(1447,17,'Xã Châu Ninh'),(1448,17,'Xã Yên Mỹ'),(1449,17,'Xã Việt Yên'),(1450,17,'Xã Hoàn Long'),(1451,17,'Xã Nguyễn Văn Linh'),(1452,17,'Xã Như Quỳnh'),(1453,17,'Xã Lạc Đạo'),(1454,17,'Xã Đại Đồng'),(1455,17,'Xã Nghĩa Trụ'),(1456,17,'Xã Phụng Công'),(1457,17,'Xã Văn Giang'),(1458,17,'Xã Mễ Sở'),(1459,17,'Xã Thái Thụy'),(1460,17,'Xã Đông Thụy Anh'),(1461,17,'Xã Bắc Thụy Anh'),(1462,17,'Xã Thụy Anh'),(1463,17,'Xã Nam Thụy Anh'),(1464,17,'Xã Bắc Thái Ninh'),(1465,17,'Xã Thái Ninh'),(1466,17,'Xã Đông Thái Ninh'),(1467,17,'Xã Nam Thái Ninh'),(1468,17,'Xã Tây Thái Ninh'),(1469,17,'Xã Tây Thụy Anh'),(1470,17,'Xã Tiền Hải'),(1471,17,'Xã Tây Tiền Hải'),(1472,17,'Xã Ái Quốc'),(1473,17,'Xã Đồng Châu'),(1474,17,'Xã Đông Tiền Hải'),(1475,17,'Xã Nam Cường'),(1476,17,'Xã Hưng Phú'),(1477,17,'Xã Nam Tiền Hải'),(1478,17,'Xã Đông Hưng'),(1479,17,'Xã Bắc Tiên Hưng'),(1480,17,'Xã Đông Tiên Hưng'),(1481,17,'Xã Nam Đông Hưng'),(1482,17,'Xã Bắc Đông Quan'),(1483,17,'Xã Bắc Đông Hưng'),(1484,17,'Xã Đông Quan'),(1485,17,'Xã Nam Tiên Hưng'),(1486,17,'Xã Tiên Hưng'),(1487,17,'Xã Quỳnh Phụ'),(1488,17,'Xã Minh Thọ'),(1489,17,'Xã Nguyễn Du'),(1490,17,'Xã Quỳnh An'),(1491,17,'Xã Ngọc Lâm'),(1492,17,'Xã Đồng Bằng'),(1493,17,'Xã A Sào'),(1494,17,'Xã Phụ Dực'),(1495,17,'Xã Tân Tiến'),(1496,17,'Xã Hưng Hà'),(1497,17,'Xã Tiên La'),(1498,17,'Xã Lê Quý Đôn'),(1499,17,'Xã Hồng Minh'),(1500,17,'Xã Thần Khê'),(1501,17,'Xã Diên Hà'),(1502,17,'Xã Ngự Thiên'),(1503,17,'Xã Long Hưng'),(1504,17,'Xã Kiến Xương'),(1505,17,'Xã Lê Lợi'),(1506,17,'Xã Quang Lịch'),(1507,17,'Xã Vũ Quý'),(1508,17,'Xã Bình Thanh'),(1509,17,'Xã Bình Định'),(1510,17,'Xã Hồng Vũ'),(1511,17,'Xã Bình Nguyên'),(1512,17,'Xã Trà Giang'),(1513,17,'Xã Vũ Thư'),(1514,17,'Xã Thư Trì'),(1515,17,'Xã Tân Thuận'),(1516,17,'Xã Thư Vũ'),(1517,17,'Xã Vũ Tiên'),(1518,17,'Xã Vạn Xuân'),(1519,17,'Phường Phố Hiến'),(1520,17,'Phường Sơn Nam'),(1521,17,'Phường Hồng Châu'),(1522,17,'Phường Mỹ Hào'),(1523,17,'Phường Đường Hào'),(1524,17,'Phường Thượng Hồng'),(1525,17,'Phường Thái Bình'),(1526,17,'Phường Trần Lãm'),(1527,17,'Phường Trần Hưng Đạo'),(1528,17,'Phường Trà Lý'),(1529,17,'Phường Vũ Phúc'),(1530,18,'Phường Hải Dương'),(1531,18,'Phường Thành Đông'),(1532,18,'Phường Lê Thanh Nghị'),(1533,18,'Phường Tân Hưng'),(1534,18,'Phường Nam Đồng'),(1535,18,'Phường Ái Quốc'),(1536,18,'Phường Thạch Khôi'),(1537,18,'Phường Tứ Minh'),(1538,18,'Phường Việt Hòa'),(1539,18,'Phường Chu Văn An'),(1540,18,'Phường Chí Linh'),(1541,18,'Phường Trần Hưng Đạo'),(1542,18,'Phường Nguyễn Trãi'),(1543,18,'Phường Trần Nhân Tông'),(1544,18,'Phường Lê Đại Hành'),(1545,18,'Phường Kinh Môn'),(1546,18,'Phường Nguyễn Đại Năng'),(1547,18,'Phường Trần Liễu'),(1548,18,'Phường Phạm Sư Mạnh'),(1549,18,'Phường Nhị Chiểu'),(1550,18,'Phường Bắc An Phụ'),(1551,18,'Phường Hồng Bàng'),(1552,18,'Phường Hồng An'),(1553,18,'Phường Gia Viên'),(1554,18,'Phường Ngô Quyền'),(1555,18,'Phường Lê Chân'),(1556,18,'Phường An Biên'),(1557,18,'Phường Hải An'),(1558,18,'Phường Đông Hải'),(1559,18,'Phường Kiến An'),(1560,18,'Phường Phù Liễn'),(1561,18,'Phường An Dương'),(1562,18,'Phường An Hải'),(1563,18,'Phường An Phong'),(1564,18,'Phường Dương Kinh'),(1565,18,'Phường Hưng Đạo'),(1566,18,'Phường Đồ Sơn'),(1567,18,'Phường Nam Đồ Sơn'),(1568,18,'Phường Kiến Thụy'),(1569,18,'Phường Thủy Nguyên'),(1570,18,'Phường Lưu Kiếm'),(1571,18,'Phường Bạch Đằng'),(1572,18,'Phường Thiên Hương'),(1573,18,'Phường Hòa Bình'),(1574,18,'Phường Nam Triệu'),(1575,18,'Phường Lê Ích Mộc'),(1576,18,'Xã Nam An Phụ'),(1577,18,'Xã Lai Khê'),(1578,18,'Xã Phú Thái'),(1579,18,'Xã An Thành'),(1580,18,'Xã Kim Thành'),(1581,18,'Xã Nam Sách'),(1582,18,'Xã Thái Tân'),(1583,18,'Xã Trần Phú'),(1584,18,'Xã Hợp Tiến'),(1585,18,'Xã An Phụ'),(1586,18,'Xã Thanh Hà'),(1587,18,'Xã Hà Bắc'),(1588,18,'Xã Hà Đông'),(1589,18,'Xã Hà Nam'),(1590,18,'Xã Hà Tây'),(1591,18,'Xã Mao Điền'),(1592,18,'Xã Tuệ Tĩnh'),(1593,18,'Xã Cẩm Giang'),(1594,18,'Xã Cẩm Giàng'),(1595,18,'Xã Kẻ Sặt'),(1596,18,'Xã Bình Giang'),(1597,18,'Xã Đường An'),(1598,18,'Xã Thượng Hồng'),(1599,18,'Xã Gia Lộc'),(1600,18,'Xã Gia Phúc'),(1601,18,'Xã Yết Kiêu'),(1602,18,'Xã Trường Tân'),(1603,18,'Xã Tứ Kỳ'),(1604,18,'Xã Tân Ky'),(1605,18,'Xã Đại Sơn'),(1606,18,'Xã Chí Minh'),(1607,18,'Xã Lạc Phượng'),(1608,18,'Xã Nguyên Giáp'),(1609,18,'Xã Thanh Miện'),(1610,18,'Xã Nguyễn Lương Bằng'),(1611,18,'Xã Bắc Thanh Miện'),(1612,18,'Xã Nam Thanh Miện'),(1613,18,'Xã Hải Hưng'),(1614,18,'Xã Ninh Giang'),(1615,18,'Xã Vĩnh Lại'),(1616,18,'Xã Tân An'),(1617,18,'Xã Khúc Thừa Dụ'),(1618,18,'Xã Hồng Châu'),(1619,18,'Xã Kiến Minh'),(1620,18,'Xã Kiến Hải'),(1621,18,'Xã Kiến Hưng'),(1622,18,'Xã Nghi Dương'),(1623,18,'Xã An Lão'),(1624,18,'Xã An Khánh'),(1625,18,'Xã An Trường'),(1626,18,'Xã An Quang'),(1627,18,'Xã An Hưng'),(1628,18,'Xã Tiên Lãng'),(1629,18,'Xã Tân Minh'),(1630,18,'Xã Tiên Minh'),(1631,18,'Xã Hùng Thắng'),(1632,18,'Xã Chấn Hưng'),(1633,18,'Xã Quyết Thắng'),(1634,18,'Xã Vĩnh Bảo'),(1635,18,'Xã Vĩnh Hải'),(1636,18,'Xã Vĩnh Am'),(1637,18,'Xã Vĩnh Thuận'),(1638,18,'Xã Vĩnh Hòa'),(1639,18,'Xã Vĩnh Thịnh'),(1640,18,'Xã Nguyễn Bỉnh Khiêm'),(1641,18,'Xã Việt Khê'),(1642,18,'Đặc Khu Cát Hải'),(1643,18,'Đặc khu Bạch Long Vĩ'),(1644,19,'Phường Duy Tiên'),(1645,19,'Phường Duy Tân'),(1646,19,'Phường Đồng Văn'),(1647,19,'Phường Duy Hà'),(1648,19,'Phường Tiên Sơn'),(1649,19,'Phường Lê Hồ'),(1650,19,'Phường Nguyễn Úy'),(1651,19,'Phường Lý Thường Kiệt'),(1652,19,'Phường Kim Thanh'),(1653,19,'Phường Tam Chúc'),(1654,19,'Phường Kim Bảng'),(1655,19,'Phường Hà Nam'),(1656,19,'Phường Phù Vân'),(1657,19,'Phường Châu Sơn'),(1658,19,'Phường Phủ Lý'),(1659,19,'Phường Liêm Tuyền'),(1660,19,'Phường Nam Định'),(1661,19,'Phường Thiên Trường'),(1662,19,'Phường Đông A'),(1663,19,'Phường Vị Khê'),(1664,19,'Phường Thành Nam'),(1665,19,'Phường Trường Thi'),(1666,19,'Phường Hồng Quang'),(1667,19,'Phường Mỹ Lộc'),(1668,19,'Phường Tây Hoa Lư'),(1669,19,'Phường Hoa Lư'),(1670,19,'Phường Nam Hoa Lư'),(1671,19,'Phường Đông Hoa Lư'),(1672,19,'Phường Tam Điệp'),(1673,19,'Phường Yên Sơn'),(1674,19,'Phường Trung Sơn'),(1675,19,'Phường Yên Thắng'),(1676,19,'Xã Bình Lục'),(1677,19,'Xã Bình Mỹ'),(1678,19,'Xã Bình An'),(1679,19,'Xã Bình Giang'),(1680,19,'Xã Bình Sơn'),(1681,19,'Xã Liêm Hà'),(1682,19,'Xã Tân Thanh'),(1683,19,'Xã Thanh Bình'),(1684,19,'Xã Ý Yên'),(1685,19,'Xã Yên Đồng'),(1686,19,'Xã Yên Cường'),(1687,19,'Xã Vạn Thắng'),(1688,19,'Xã Vũ Dương'),(1689,19,'Xã Tân Minh'),(1690,19,'Xã Phong Doanh'),(1691,19,'Xã Cổ Lễ'),(1692,19,'Xã Hải Xuân'),(1693,19,'Xã Hải Thịnh'),(1694,19,'Xã Giao Minh'),(1695,19,'Xã Giao Hoà'),(1696,19,'Xã Giao Thuỷ'),(1697,19,'Xã Giao Phúc'),(1698,19,'Xã Giao Hưng'),(1699,19,'Xã Giao Bình'),(1700,19,'Xã Gia Tường'),(1701,19,'Xã Phú Sơn'),(1702,19,'Xã Cúc Phương'),(1703,19,'Xã Phú Long'),(1704,19,'Xã Thanh Sơn'),(1705,19,'Xã Quỳnh Lưu'),(1706,19,'Xã Yên Khánh'),(1707,19,'Xã Khánh Nhạc'),(1708,19,'Xã Thanh Lâm'),(1709,19,'Xã Thanh Liêm'),(1710,19,'Xã Lý Nhân'),(1711,19,'Xã Nam Xang'),(1712,19,'Xã Bắc Lý'),(1713,19,'Xã Vĩnh Trụ'),(1714,19,'Xã Trần Thương'),(1715,19,'Xã Nhân Hà'),(1716,19,'Xã Nam Lý'),(1717,19,'Xã Nam Trực'),(1718,19,'Xã Nam Minh'),(1719,19,'Xã Nam Đồng'),(1720,19,'Xã Minh Tân'),(1721,19,'Xã Hiển Khánh'),(1722,19,'Xã Vụ Bản'),(1723,19,'Xã Liên Minh'),(1724,19,'Xã Nam Ninh'),(1725,19,'Xã Ninh Giang'),(1726,19,'Xã Cát Thành'),(1727,19,'Xã Trực Ninh'),(1728,19,'Xã Quang Hưng'),(1729,19,'Xã Minh Thái'),(1730,19,'Xã Ninh Cường'),(1731,19,'Xã Xuân Trường'),(1732,19,'Xã Xuân Hưng'),(1733,19,'Xã Xuân Giang'),(1734,19,'Xã Xuân Hồng'),(1735,19,'Xã Hải Hậu'),(1736,19,'Xã Hải Anh'),(1737,19,'Xã Hải Tiến'),(1738,19,'Xã Hải Hưng'),(1739,19,'Xã Hải An'),(1740,19,'Xã Hải Quang'),(1741,19,'Xã Nam Hồng'),(1742,19,'Xã Giao Ninh'),(1743,19,'Xã Đồng Thịnh'),(1744,19,'Xã Nghĩa Hưng'),(1745,19,'Xã Nghĩa Sơn'),(1746,19,'Xã Hồng Phong'),(1747,19,'Xã Quỹ Nhất'),(1748,19,'Xã Nghĩa Lâm'),(1749,19,'Xã Rạng Đông'),(1750,19,'Xã Gia Viễn'),(1751,19,'Xã Đại Hoàng'),(1752,19,'Xã Gia Hưng'),(1753,19,'Xã Gia Phong'),(1754,19,'Xã Gia Vân'),(1755,19,'Xã Gia Trấn'),(1756,19,'Xã Nho Quan'),(1757,19,'Xã Gia Lâm'),(1758,19,'Xã Kim Đông'),(1759,19,'Xã Khánh Thiện'),(1760,19,'Xã Khánh Hội'),(1761,19,'Xã Khánh Trung'),(1762,19,'Xã Yên Mô'),(1763,19,'Xã Yên Từ'),(1764,19,'Xã Yên Mạc'),(1765,19,'Xã Đồng Thái'),(1766,19,'Xã Chất Bình'),(1767,19,'Xã Kim Sơn'),(1768,19,'Xã Quang Thiện'),(1769,19,'Xã Phát Diệm'),(1770,19,'Xã Lai Thành'),(1771,19,'Xã Định Hoá'),(1772,19,'Xã Bình Minh'),(1773,20,'Phường Đồng Hới'),(1774,20,'Phường Đồng Thuận'),(1775,20,'Phường Đồng Sơn'),(1776,20,'Phường Ba Đồn'),(1777,20,'Phường Bắc Gianh'),(1778,20,'Phường Đông Hà'),(1779,20,'Phường Nam Đông Hà'),(1780,20,'Phường Quảng Trị'),(1781,20,'Xã Nam Gianh'),(1782,20,'Xã Nam Ba Đồn'),(1783,20,'Xã Dân Hóa'),(1784,20,'Xã Kim Điền'),(1785,20,'Xã Kim Phú'),(1786,20,'Xã Minh Hóa'),(1787,20,'Xã Tân Thành'),(1788,20,'Xã Tuyên Lâm'),(1789,20,'Xã Tuyên Sơn'),(1790,20,'Xã Đồng Lê'),(1791,20,'Xã Tuyên Phú'),(1792,20,'Xã Tuyên Bình'),(1793,20,'Xã Tuyên Hóa'),(1794,20,'Xã Tân Gianh'),(1795,20,'Xã Trung Thuần'),(1796,20,'Xã Quảng Trạch'),(1797,20,'Xã Hòa Trạch'),(1798,20,'Xã Phú Trạch'),(1799,20,'Xã Thượng Trạch'),(1800,20,'Xã Phong Nha'),(1801,20,'Xã Bắc Trạch'),(1802,20,'Xã Đồng Trạch'),(1803,20,'Xã Hoàn Lão'),(1804,20,'Xã Bố Trạch'),(1805,20,'Xã Nam Trạch'),(1806,20,'Xã Quảng Ninh'),(1807,20,'Xã Ninh Châu'),(1808,20,'Xã Trường Ninh'),(1809,20,'Xã Trường Sơn'),(1810,20,'Xã Lệ Thủy'),(1811,20,'Xã Cam Hồng'),(1812,20,'Xã Sen Ngư'),(1813,20,'Xã Tân Mỹ'),(1814,20,'Xã Trường Phú'),(1815,20,'Xã Lệ Ninh'),(1816,20,'Xã Kim Ngân'),(1817,20,'Xã Cửa Tùng'),(1818,20,'Xã Vĩnh Hoàng'),(1819,20,'Xã Vĩnh Thủy'),(1820,20,'Xã Bến Quan'),(1821,20,'Xã Vĩnh Linh'),(1822,20,'Xã Cồn Tiên'),(1823,20,'Xã Cửa Việt'),(1824,20,'Xã Gio Linh'),(1825,20,'Xã Bến Hải'),(1826,20,'Xã Cam Lộ'),(1827,20,'Xã Hiếu Giang'),(1828,20,'Xã La Lay'),(1829,20,'Xã Tà Rụt'),(1830,20,'Xã Đakrông'),(1831,20,'Xã Ba Lòng'),(1832,20,'Xã Hướng Hiệp'),(1833,20,'Xã Hướng Lập'),(1834,20,'Xã Hướng Phùng'),(1835,20,'Xã Khe Sanh'),(1836,20,'Xã Tân Lập'),(1837,20,'Xã Lao Bảo'),(1838,20,'Xã Lìa'),(1839,20,'Xã A Dơi'),(1840,20,'Xã Triệu Phong'),(1841,20,'Xã Ái Tử'),(1842,20,'Xã Triệu Bình'),(1843,20,'Xã Triệu Cơ'),(1844,20,'Xã Nam Cửa Việt'),(1845,20,'Xã Diên Sanh'),(1846,20,'Xã Mỹ Thủy'),(1847,20,'Xã Hải Lăng'),(1848,20,'Xã Nam Hải Lăng'),(1849,20,'Xã Vĩnh Định'),(1850,20,'Đặc khu Cồn Cỏ'),(1851,21,'Phường Hải Châu'),(1852,21,'Phường Hòa Cường'),(1853,21,'Phường Thanh Khê'),(1854,21,'Phường An Khê'),(1855,21,'Phường An Hải'),(1856,21,'Phường Sơn Trà'),(1857,21,'Phường Ngũ Hành Sơn'),(1858,21,'Phường Hòa Khánh'),(1859,21,'Phường Hải Vân'),(1860,21,'Phường Liên Chiểu'),(1861,21,'Phường Cẩm Lệ'),(1862,21,'Phường Hòa Xuân'),(1863,21,'Phường Tam Kỳ'),(1864,21,'Phường Quảng Phú'),(1865,21,'Phường Hương Trà'),(1866,21,'Phường Bàn Thạch'),(1867,21,'Phường Điện Bàn'),(1868,21,'Phường Điện Bàn Đông'),(1869,21,'Phường An Thắng'),(1870,21,'Phường Điện Bàn Bắc'),(1871,21,'Phường Hội An'),(1872,21,'Phường Hội An Đông'),(1873,21,'Phường Hội An Tây'),(1874,21,'Xã Hòa Vang'),(1875,21,'Xã Hòa Tiến'),(1876,21,'Xã Bà Nà'),(1877,21,'Xã Núi Thành'),(1878,21,'Xã Tam Mỹ'),(1879,21,'Xã Tam Anh'),(1880,21,'Xã Đức Phú'),(1881,21,'Xã Tam Xuân'),(1882,21,'Xã Tây Hồ'),(1883,21,'Xã Chiên Đàn'),(1884,21,'Xã Phú Ninh'),(1885,21,'Xã Lãnh Ngọc'),(1886,21,'Xã Tiên Phước'),(1887,21,'Xã Thạnh Bình'),(1888,21,'Xã Sơn Cẩm Hà'),(1889,21,'Xã Trà Liên'),(1890,21,'Xã Trà Giáp'),(1891,21,'Xã Trà Tân'),(1892,21,'Xã Trà Đốc'),(1893,21,'Xã Trà My'),(1894,21,'Xã Nam Trà My'),(1895,21,'Xã Trà Tập'),(1896,21,'Xã Trà Vân'),(1897,21,'Xã Trà Linh'),(1898,21,'Xã Trà Leng'),(1899,21,'Xã Thăng Bình'),(1900,21,'Xã Thăng An'),(1901,21,'Xã Thăng Trường'),(1902,21,'Xã Thăng Điền'),(1903,21,'Xã Thăng Phú'),(1904,21,'Xã Đồng Dương'),(1905,21,'Xã Quế Sơn Trung'),(1906,21,'Xã Quế Sơn'),(1907,21,'Xã Xuân Phú'),(1908,21,'Xã Nông Sơn'),(1909,21,'Xã Quế Phước'),(1910,21,'Xã Duy Nghĩa'),(1911,21,'Xã Nam Phước'),(1912,21,'Xã Duy Xuyên'),(1913,21,'Xã Thu Bồn'),(1914,21,'Xã Điện Bàn Tây'),(1915,21,'Xã Gò Nổi'),(1916,21,'Xã Đại Lộc'),(1917,21,'Xã Hà Nha'),(1918,21,'Xã Thượng Đức'),(1919,21,'Xã Vu Gia'),(1920,21,'Xã Phú Thuận'),(1921,21,'Xã Thạnh Mỹ'),(1922,21,'Xã Bến Giằng'),(1923,21,'Xã Nam Giang'),(1924,21,'Xã Đắc Pring'),(1925,21,'Xã La Dêê'),(1926,21,'Xã La Êê'),(1927,21,'Xã Sông Vàng'),(1928,21,'Xã Sông Kôn'),(1929,21,'Xã Đông Giang'),(1930,21,'Xã Bến Hiên'),(1931,21,'Xã Avương'),(1932,21,'Xã Tây Giang'),(1933,21,'Xã Hùng Sơn'),(1934,21,'Xã Hiệp Đức'),(1935,21,'Xã Việt An'),(1936,21,'Xã Phước Trà'),(1937,21,'Xã Khâm Đức'),(1938,21,'Xã Phước Năng'),(1939,21,'Xã Phước Chánh'),(1940,21,'Xã Phước Thành'),(1941,21,'Xã Phước Hiệp'),(1942,21,'Xã Tam Hải'),(1943,21,'Xã Tân Hiệp'),(1944,21,'Đặc khu Hoàng Sa'),(1945,22,'Phường Cẩm Thành'),(1946,22,'Phường Nghĩa Lộ'),(1947,22,'Phường Trương Quang Trọng'),(1948,22,'Phường Trà Câu'),(1949,22,'Phường Đức Phổ'),(1950,22,'Phường Sa Huỳnh'),(1951,22,'Phường Kon Tum'),(1952,22,'Phường Đăk Cấm'),(1953,22,'Phường Đăk BLa'),(1954,22,'Xã An Phú'),(1955,22,'Xã Nguyễn Nghiêm'),(1956,22,'Xã Tịnh Khê'),(1957,22,'Xã Khánh Cường'),(1958,22,'Xã Bình Sơn'),(1959,22,'Xã Bình Minh'),(1960,22,'Xã Bình Chương'),(1961,22,'Xã Đông Sơn'),(1962,22,'Xã Vạn Tường'),(1963,22,'Xã Trường Giang'),(1964,22,'Xã Ba Gia'),(1965,22,'Xã Sơn Tịnh'),(1966,22,'Xã Thọ Phong'),(1967,22,'Xã Tư Nghĩa'),(1968,22,'Xã Nghĩa Giang'),(1969,22,'Xã Vệ Giang'),(1970,22,'Xã Trà Giang'),(1971,22,'Xã Nghĩa Hành'),(1972,22,'Xã Đình Cương'),(1973,22,'Xã Thiện Tín'),(1974,22,'Xã Phước Giang'),(1975,22,'Xã Long Phụng'),(1976,22,'Xã Mỏ Cày'),(1977,22,'Xã Mộ Đức'),(1978,22,'Xã Lân Phong'),(1979,22,'Xã Trà Bồng'),(1980,22,'Xã Đông Trà Bồng'),(1981,22,'Xã Cà Đam'),(1982,22,'Xã Thanh Bồng'),(1983,22,'Xã Tây Trà Bồng'),(1984,22,'Xã Tây Trà'),(1985,22,'Xã Sơn Hà'),(1986,22,'Xã Sơn Kỳ'),(1987,22,'Xã Sơn Linh'),(1988,22,'Xã Sơn Hạ'),(1989,22,'Xã Sơn Thủy'),(1990,22,'Xã Sơn Tây Hạ'),(1991,22,'Xã Sơn Tây'),(1992,22,'Xã Sơn Tây Thương'),(1993,22,'Xã Minh Long'),(1994,22,'Xã Sơn Mai'),(1995,22,'Xã Ba Vì'),(1996,22,'Xã Ba Tô'),(1997,22,'Xã Ba Dinh'),(1998,22,'Xã Ba Tơ'),(1999,22,'Xã Ba Động'),(2000,22,'Xã Ba Vinh'),(2001,22,'Xã Đặng Thùy Trâm'),(2002,22,'Xã Ba Xa'),(2003,22,'Xã Ngọk Bay'),(2004,22,'Xã Ia Chim'),(2005,22,'Xã Đăk Rơ Wa'),(2006,22,'Xã Đăk Pxi'),(2007,22,'Xã Đăk Mar'),(2008,22,'Xã Đăk Ui'),(2009,22,'Xã Ngọk Réo'),(2010,22,'Xã Đăk Hà'),(2011,22,'Xã Ngọk Tụ'),(2012,22,'Xã Đăk Tô'),(2013,22,'Xã Kon Đào'),(2014,22,'Xã Đăk Sao'),(2015,22,'Xã Đăk Tờ Kan'),(2016,22,'Xã Măng Ri'),(2017,22,'Xã Bờ Y'),(2018,22,'Xã Sa Loong'),(2019,22,'Xã Dục Nông'),(2020,22,'Xã Xốp'),(2021,22,'Xã Ngọc Linh'),(2022,22,'Xã Đăk PLô'),(2023,22,'Xã Đăk Pék'),(2024,22,'Xã Đăk Môn'),(2025,22,'Xã Sa Thầy'),(2026,22,'Xã Sa Bình'),(2027,22,'Xã Ya Ly'),(2028,22,'Xã Ia Tơi'),(2029,22,'Xã Đăk Kôi'),(2030,22,'Xã Kon Braih'),(2031,22,'Xã Đăk Rve'),(2032,22,'Xã Măng Bút'),(2033,22,'Xã Kon Plông'),(2034,22,'Xã Tu Mơ Rông'),(2035,22,'Xã Đăk Long'),(2036,22,'Xã Mô Rai'),(2037,22,'Xã Ia Đal'),(2038,22,'Xã Rờ Kơi'),(2039,22,'Đặc khu Lý Sơn'),(2040,23,'Phường Quy Nhơn'),(2041,23,'Phường Quy Nhơn Đông'),(2042,23,'Phường Quy Nhơn Tây'),(2043,23,'Phường Quy Nhơn Nam'),(2044,23,'Phường Quy Nhơn Bắc'),(2045,23,'Phường Bình Định'),(2046,23,'Phường An Nhơn'),(2047,23,'Phường An Nhơn Đông'),(2048,23,'Phường An Nhơn Nam'),(2049,23,'Phường An Nhơn Bắc'),(2050,23,'Phường Bồng Sơn'),(2051,23,'Phường Hoài Nhơn'),(2052,23,'Phường Tam Quan'),(2053,23,'Phường Hoài Nhơn Đông'),(2054,23,'Phường Hoài Nhơn Tây'),(2055,23,'Phường Hoài Nhơn Nam'),(2056,23,'Phường Hoài Nhơn Bắc'),(2057,23,'Phường Pleiku'),(2058,23,'Phường Hội Phú'),(2059,23,'Phường Thống Nhất'),(2060,23,'Phường Diên Hồng'),(2061,23,'Phường An Phú'),(2062,23,'Phường An Khê'),(2063,23,'Phường An Bình'),(2064,23,'Phường Ayun Pa'),(2065,23,'Xã Nhơn Châu'),(2066,23,'Xã An Nhơn Tây'),(2067,23,'Xã Phù Cát'),(2068,23,'Xã Xuân An'),(2069,23,'Xã Ngô Mây'),(2070,23,'Xã Cát Tiến'),(2071,23,'Xã Đề Gi'),(2072,23,'Xã Hòa Hội'),(2073,23,'Xã Hội Sơn'),(2074,23,'Xã Phù Mỹ'),(2075,23,'Xã An Lương'),(2076,23,'Xã Bình Dương'),(2077,23,'Xã Phù Mỹ Đông'),(2078,23,'Phù Mỹ Tây'),(2079,23,'Xã Phù Mỹ Nam'),(2080,23,'Xã Phù Mỹ Bắc'),(2081,23,'Xã Tuy Phước'),(2082,23,'Xã Tuy Phước Đông'),(2083,23,'Xã Tuy Phước Tây'),(2084,23,'Xã Tuy Phước Bắc'),(2085,23,'Xã Tây Sơn'),(2086,23,'Xã Bình Khê'),(2087,23,'Xã Bình Phú'),(2088,23,'Xã Bình Hiệp'),(2089,23,'Xã Hoài Ân'),(2090,23,'Xã Ân Tường'),(2091,23,'Xã Kim Sơn'),(2092,23,'Xã Vạn Đức'),(2093,23,'Xã Ân Hảo'),(2094,23,'Xã Vân Canh'),(2095,23,'Xã Canh Vinh'),(2096,23,'Xã Canh Liên'),(2097,23,'Xã Vĩnh Thạnh'),(2098,23,'Xã Vĩnh Thịnh'),(2099,23,'Xã Vĩnh Quang'),(2100,23,'Xã Vĩnh Sơn'),(2101,23,'Xã An Hòa'),(2102,23,'Xã An Lão'),(2103,23,'Xã An Vinh'),(2104,23,'Xã An Toàn'),(2105,23,'Xã Bình An'),(2106,23,'Xã Biển Hồ'),(2107,23,'Xã Gào'),(2108,23,'Xã Ia Ly'),(2109,23,'Xã Chư Păh'),(2110,23,'Xã Ia Khươl'),(2111,23,'Xã Ia Phí'),(2112,23,'Xã Chư Prông'),(2113,23,'Xã Bàu Cạn'),(2114,23,'Xã Ia Boòng'),(2115,23,'Xã Ia Lâu'),(2116,23,'Xã Ia Pia'),(2117,23,'Xã Ia Tôr'),(2118,23,'Xã Chư Sê'),(2119,23,'Xã Bờ Ngoong'),(2120,23,'Xã Ia Ko'),(2121,23,'Xã Albá'),(2122,23,'Xã Chư Pưh'),(2123,23,'Xã Ia Le'),(2124,23,'Xã Ia Hrú'),(2125,23,'Xã Cửu An'),(2126,23,'Xã Đak Pơ'),(2127,23,'Xã Ya Hội'),(2128,23,'Xã Kbang'),(2129,23,'Xã Kông Bơ La'),(2130,23,'Xã Tơ Tung'),(2131,23,'Xã Sơn Lang'),(2132,23,'Xã Đak Rong'),(2133,23,'Xã Kông Chro'),(2134,23,'Xã Ya Ma'),(2135,23,'Xã Chư Krey'),(2136,23,'Xã SRó'),(2137,23,'Xã Đăk Song'),(2138,23,'Xã Chơ Long'),(2139,23,'Xã Ia Rbol'),(2140,23,'Xã Ia Sao'),(2141,23,'Xã Phú Thiện'),(2142,23,'Xã Chư A Thai'),(2143,23,'Xã Ia Hiao'),(2144,23,'Xã Pờ Tó'),(2145,23,'Xã Ia Pa'),(2146,23,'Xã Ia Tul'),(2147,23,'Xã Phú Túc'),(2148,23,'Xã Ia HDreh'),(2149,23,'Xã Ia Rsai'),(2150,23,'Xã Uar'),(2151,23,'Xã Đak Đoa'),(2152,23,'Xã Kon Gang'),(2153,23,'Xã Ia Băng'),(2154,23,'Xã KDang'),(2155,23,'Xã Đak Sơmei'),(2156,23,'Xã Mang Yang'),(2157,23,'Xã Lơ Pang'),(2158,23,'Xã Kon Chiêng'),(2159,23,'Xã Hra'),(2160,23,'Xã Ayun'),(2161,23,'Xã Ia Grai'),(2162,23,'Xã Ia Krái'),(2163,23,'Xã Ia Hrung'),(2164,23,'Xã Đức Cơ'),(2165,23,'Xã Ia Dơk'),(2166,23,'Xã Ia Krêl'),(2167,23,'Xã Ia O'),(2168,23,'Xã Ia Púch'),(2169,23,'Xã Ia Mơ'),(2170,23,'Xã Ia Pnôn'),(2171,23,'Xã Ia Nan'),(2172,23,'Xã Ia Dom'),(2173,23,'Xã Ia Chia'),(2174,23,'Xã Krong'),(2175,24,'Xã Nam Cam Ranh'),(2176,24,'Xã Bắc Ninh Hòa'),(2177,24,'Xã Tân Định'),(2178,24,'Xã Nam Ninh Hòa'),(2179,24,'Xã Tây Ninh Hòa'),(2180,24,'Xã Hòa Trí'),(2181,24,'Xã Đại Lãnh'),(2182,24,'Xã Tu Bông'),(2183,24,'Xã Vạn Thắng'),(2184,24,'Xã Vạn Ninh'),(2185,24,'Xã Vạn Hưng'),(2186,24,'Xã Diên Khánh'),(2187,24,'Xã Diên Lạc'),(2188,24,'Xã Diên Điền'),(2189,24,'Xã Diên Lâm'),(2190,24,'Xã Diên Thọ'),(2191,24,'Xã Suối Hiệp'),(2192,24,'Xã Cam Lâm'),(2193,24,'Xã Suối Dầu'),(2194,24,'Xã Cam Hiệp'),(2195,24,'Xã Cam An'),(2196,24,'Xã Bắc Khánh Vĩnh'),(2197,24,'Xã Trung Khánh Vĩnh'),(2198,24,'Xã Tây Khánh Vĩnh'),(2199,24,'Xã Nam Khánh Vĩnh'),(2200,24,'Xã Khánh Vĩnh'),(2201,24,'Xã Khánh Sơn'),(2202,24,'Xã Tây Khánh Sơn'),(2203,24,'Xã Đông Khánh Sơn'),(2204,24,'Xã Ninh Phước'),(2205,24,'Xã Phước Hữu'),(2206,24,'Xã Phước Hậu'),(2207,24,'Xã Thuận Nam'),(2208,24,'Xã Cà Ná'),(2209,24,'Xã Phước Hà'),(2210,24,'Xã Phước Dinh'),(2211,24,'Xã Ninh Hải'),(2212,24,'Xã Xuân Hải'),(2213,24,'Xã Vĩnh Hải'),(2214,24,'Xã Thuận Bắc'),(2215,24,'Xã Công Hải'),(2216,24,'Xã Ninh Sơn'),(2217,24,'Xã Lâm Sơn'),(2218,24,'Xã Anh Dũng'),(2219,24,'Xã Mỹ Sơn'),(2220,24,'Xã Bác Ái Đông'),(2221,24,'Xã Bác Ái'),(2222,24,'Xã Bác Ái Tây'),(2223,24,'Phường Nha Trang'),(2224,24,'Phường Bắc Nha Trang'),(2225,24,'Phường Tây Nha Trang'),(2226,24,'Phường Nam Nha Trang'),(2227,24,'Phường Bắc Cam Ranh'),(2228,24,'Phường Cam Ranh'),(2229,24,'Phường Cam Linh'),(2230,24,'Phường Ba Ngòi'),(2231,24,'Phường Ninh Hòa'),(2232,24,'Phường Đông Ninh Hòa'),(2233,24,'Phường Hòa Thắng'),(2234,24,'Phường Phan Rang'),(2235,24,'Phường Đông Hải'),(2236,24,'Phường Ninh Chữ'),(2237,24,'Phường Bảo An'),(2238,24,'Phường Đô Vinh'),(2239,24,'Đặc khu Trường Sa'),(2240,25,'Lạc Dương'),(2241,25,'Đơn Dương'),(2242,25,'Ka Đô'),(2243,25,'Quảng Lập'),(2244,25,'DRan'),(2245,25,'Hiệp Thạnh'),(2246,25,'Đức Trọng'),(2247,25,'Tân Hội'),(2248,25,'Tà Hine'),(2249,25,'Tà Năng'),(2250,25,'Đinh Văn Lâm Hà'),(2251,25,'Phú Sơn Lâm Hà'),(2252,25,'Nam Hà Lâm Hà'),(2253,25,'Nam Ban Lâm Hà'),(2254,25,'Tân Hà Lâm Hà'),(2255,25,'Phúc Thọ Lâm Hà'),(2256,25,'Đam Rông 1'),(2257,25,'Đam Rông 2'),(2258,25,'Đam Rông 3'),(2259,25,'Đam Rông 4'),(2260,25,'Di Linh'),(2261,25,'Hòa Ninh'),(2262,25,'Hòa Bắc'),(2263,25,'Đinh Trang Thượng'),(2264,25,'Bảo Thuận'),(2265,25,'Sơn Điền'),(2266,25,'Gia Hiệp'),(2267,25,'Bảo Lâm 1'),(2268,25,'Bảo Lâm 2'),(2269,25,'Bảo Lâm 3'),(2270,25,'Bảo Lâm 4'),(2271,25,'Bảo Lâm 5'),(2272,25,'Đạ Huoai'),(2273,25,'Đạ Huoai 2'),(2274,25,'Đạ Tẻh'),(2275,25,'Đạ Tẻh 2'),(2276,25,'Đạ Tẻh 3'),(2277,25,'Cát Tiên'),(2278,25,'Cát Tiên 2'),(2279,25,'Cát Tiên 3'),(2280,25,'Vĩnh Hảo'),(2281,25,'Liên Hương'),(2282,25,'Tuy Phong'),(2283,25,'Phan Rí Cửa'),(2284,25,'Bắc Bình'),(2285,25,'Hồng Thái'),(2286,25,'Hải Ninh'),(2287,25,'Phan Sơn'),(2288,25,'Sông Lũy'),(2289,25,'Lương Sơn'),(2290,25,'Hòa Thắng'),(2291,25,'Đông Giang'),(2292,25,'La Dạ'),(2293,25,'Hàm Thuận Bắc'),(2294,25,'Hàm Thuận'),(2295,25,'Hồng Sơn'),(2296,25,'Hàm Liêm'),(2297,25,'Tuyên Quang'),(2298,25,'Hàm Thạnh'),(2299,25,'Hàm Kiệm'),(2300,25,'Tân Thành'),(2301,25,'Hàm Thuận Nam'),(2302,25,'Tân Lập'),(2303,25,'Tân Minh'),(2304,25,'Hàm Tân'),(2305,25,'Sơn Mỹ'),(2306,25,'Tân Hải'),(2307,25,'Nghị Đức'),(2308,25,'Bắc Ruộng'),(2309,25,'Đồng Kho'),(2310,25,'Tánh Linh'),(2311,25,'Suối Kiết'),(2312,25,'Nam Thành'),(2313,25,'Đức Linh'),(2314,25,'Hoài Đức'),(2315,25,'Trả Tân'),(2316,25,'Đắk Wil'),(2317,25,'Nam Dong'),(2318,25,'Cư Jút'),(2319,25,'Thuận An'),(2320,25,'Đức Lập'),(2321,25,'Đắk Mil'),(2322,25,'Đắk Sắk'),(2323,25,'Nam Đà'),(2324,25,'Krông Nô'),(2325,25,'Nâm Nung'),(2326,25,'Quảng Phú'),(2327,25,'Đắk Song'),(2328,25,'Đức An'),(2329,25,'Thuận Hạnh'),(2330,25,'Trường Xuân'),(2331,25,'Tà Đùng'),(2332,25,'Quảng Khê'),(2333,25,'Quảng Tân'),(2334,25,'Tuy Đức'),(2335,25,'Kiến Đức'),(2336,25,'Nhân Cơ'),(2337,25,'Quảng Tín'),(2338,25,'Phường Xuân Hương - Đà Lạt'),(2339,25,'Phường Cam Ly - Đà Lạt'),(2340,25,'Phường Lâm Viên - Đà Lạt'),(2341,25,'Phường Xuân Trường - Đà Lạt'),(2342,25,'Phường Lang Biang - Đà Lạt'),(2343,25,'Phường 1 - Bảo Lộc'),(2344,25,'Phường 2 - Bảo Lộc'),(2345,25,'Phường 3 - Bảo Lộc'),(2346,25,'Phường BLao'),(2347,25,'Phường Hàm Thắng'),(2348,25,'Phường Bình Thuận'),(2349,25,'Phường Mũi Né'),(2350,25,'Phường Phú Thủy'),(2351,25,'Phường Phan Thiết'),(2352,25,'Phường Tiến Thành'),(2353,25,'Phường La Gi'),(2354,25,'Phường Phước Hội'),(2355,25,'Phường Bắc Gia Nghĩa'),(2356,25,'Phường Nam Gia Nghĩa'),(2357,25,'Phường Đông Gia Nghĩa'),(2358,25,'Đặc khu Phú Quý'),(2359,25,'Đổi tên thành Đạ Huoai 3'),(2360,25,'Xã Quảng Hòa'),(2361,25,'Xã Quảng Sơn'),(2362,25,'Xã Quảng Trực'),(2363,25,'Xã Ninh Gia'),(2364,26,'Phường Buôn Ma Thuột'),(2365,26,'Phường Tân An'),(2366,26,'Phường Tân Lập'),(2367,26,'Phường Thành Nhất'),(2368,26,'Phường Ea Kao'),(2369,26,'Xã Hòa Phú'),(2370,26,'Phường Buôn Hồ'),(2371,26,'Phường Cư Bao'),(2372,26,'Xã Ea Drông'),(2373,26,'Xã Ea Wer'),(2374,26,'Xã Ea Nuol'),(2375,26,'Xã Buôn Đôn'),(2376,26,'Xã Ea Kiết'),(2377,26,'Xã Ea MDroh'),(2378,26,'Xã Quảng Phú'),(2379,26,'Xã Cuôr Đăng'),(2380,26,'Xã Cư Mgar'),(2381,26,'Xã Ea Tul'),(2382,26,'Xã Ea Ning'),(2383,26,'Xã Dray Bhăng'),(2384,26,'Xã Ea Ktur'),(2385,26,'Xã Ea Kar'),(2386,26,'Xã Ea Ô'),(2387,26,'Xã Ea Knốp'),(2388,26,'Xã Cư Yang'),(2389,26,'Xã Ea Păl'),(2390,26,'Xã Ea Khăl'),(2391,26,'Xã Ea Drăng'),(2392,26,'Xã Ea Wy'),(2393,26,'Xã Ea HLeo'),(2394,26,'Xã Ea Hiao'),(2395,26,'Xã Ea Súp'),(2396,26,'Xã Ea Rốk'),(2397,26,'Xã Ea Bung'),(2398,26,'Xã Ia Rvê'),(2399,26,'Xã Ia Lốp'),(2400,26,'Xã Pơng Drang'),(2401,26,'Xã Krông Búk'),(2402,26,'Xã Cư Pơng'),(2403,26,'Xã Hòa Sơn'),(2404,26,'Xã Dang Kang'),(2405,26,'Xã Krông Bông'),(2406,26,'Xã Yang Mao'),(2407,26,'Xã Cư Pui'),(2408,26,'Xã Krông Ana'),(2409,26,'Xã Dur Kmăl'),(2410,26,'Xã Ea Na'),(2411,26,'Xã Krông Năng'),(2412,26,'Xã Dliê Ya'),(2413,26,'Xã Tam Giang'),(2414,26,'Xã Phú Xuân'),(2415,26,'Xã Krông Pắk'),(2416,26,'Xã Ea Knuếc'),(2417,26,'Xã Tân Tiến'),(2418,26,'Xã Ea Phê'),(2419,26,'Xã Ea Kly'),(2420,26,'Xã Vụ Bổn'),(2421,26,'Xã Liên Sơn Lắk'),(2422,26,'Xã Đắk Liêng'),(2423,26,'Xã Nam Ka'),(2424,26,'Xã Đắk Phơi'),(2425,26,'Xã Krông Nô'),(2426,26,'Xã MDrắk'),(2427,26,'Xã Ea Riêng'),(2428,26,'Xã Cư Mta'),(2429,26,'Xã Krông Á'),(2430,26,'Xã Cư Prao'),(2431,26,'Xã Ea Trang'),(2432,26,'Phường Tuy Hòa'),(2433,26,'Phường Phú Yên'),(2434,26,'Phường Bình Kiến'),(2435,26,'Phường Xuân Đài'),(2436,26,'Phường Sông Cầu'),(2437,26,'Phường Đông Hòa'),(2438,26,'Phường Hòa Hiệp'),(2439,26,'Xã Xuân Thọ'),(2440,26,'Xã Xuân Cảnh'),(2441,26,'Xã Xuân Lộc'),(2442,26,'Xã Hòa Xuân'),(2443,26,'Xã Tuy An Bắc'),(2444,26,'Xã Tuy An Đông'),(2445,26,'Xã Ô Loan'),(2446,26,'Xã Tuy An Nam'),(2447,26,'Xã Tuy An Tây'),(2448,26,'Xã Phú Hòa 1'),(2449,26,'Xã Phú Hòa 2'),(2450,26,'Xã Tây Hòa'),(2451,26,'Xã Hòa Thịnh'),(2452,26,'Xã Hòa Mỹ'),(2453,26,'Xã Sơn Thành'),(2454,26,'Xã Sơn Hòa'),(2455,26,'Xã Vân Hòa'),(2456,26,'Xã Tây Sơn'),(2457,26,'Xã Suối Trai'),(2458,26,'Xã Ea Ly'),(2459,26,'Xã Ea Bá'),(2460,26,'Xã Đức Bình'),(2461,26,'Xã Sông Hinh'),(2462,26,'Xã Xuân Lãnh'),(2463,26,'Xã Phú Mỡ'),(2464,26,'Xã Xuân Phước'),(2465,26,'Xã Đồng Xuân'),(2466,27,'Sài Gòn'),(2467,27,'Tân Định'),(2468,27,'Bến Thành'),(2469,27,'Cầu Ông Lãnh'),(2470,27,'Bàn Cờ'),(2471,27,'Xuân Hòa'),(2472,27,'Nhiêu Lộc'),(2473,27,'Xóm Chiếu'),(2474,27,'Khánh Hội'),(2475,27,'Vĩnh Hội'),(2476,27,'Chợ Quán'),(2477,27,'An Đông'),(2478,27,'Chợ Lớn'),(2479,27,'Bình Tây'),(2480,27,'Bình Tiên'),(2481,27,'Bình Phú'),(2482,27,'Phú Lâm'),(2483,27,'Tân Thuận'),(2484,27,'Phú Thuận'),(2485,27,'Tân Mỹ'),(2486,27,'Tân Hưng'),(2487,27,'Chánh Hưng'),(2488,27,'Phú Định'),(2489,27,'Bình Đông'),(2490,27,'Diên Hồng'),(2491,27,'Vườn Lài'),(2492,27,'Hòa Hưng'),(2493,27,'Minh Phụng'),(2494,27,'Bình Thới'),(2495,27,'Hòa Bình'),(2496,27,'Phú Thọ'),(2497,27,'Đông Hưng Thuận'),(2498,27,'Trung Mỹ Tây'),(2499,27,'Tân Thới Hiệp'),(2500,27,'Thới An'),(2501,27,'An Phú Đông'),(2502,27,'An Lạc'),(2503,27,'Bình Tân'),(2504,27,'Tân Tạo'),(2505,27,'Bình Trị Đông'),(2506,27,'Bình Hưng Hòa'),(2507,27,'Gia Định'),(2508,27,'Bình Thạnh'),(2509,27,'Bình Lợi Trung'),(2510,27,'Thạnh Mỹ Tây'),(2511,27,'Bình Quới'),(2512,27,'Hạnh Thông'),(2513,27,'An Nhơn'),(2514,27,'Gò Vấp'),(2515,27,'An Hội Đông'),(2516,27,'Thông Tây Hội'),(2517,27,'An Hội Tây'),(2518,27,'Đức Nhuận'),(2519,27,'Cầu Kiệu'),(2520,27,'Phú Nhuận'),(2521,27,'Tân Sơn Hòa'),(2522,27,'Tân Sơn Nhất'),(2523,27,'Tân Hòa'),(2524,27,'Bảy Hiền'),(2525,27,'Tân Bình'),(2526,27,'Tân Sơn'),(2527,27,'Tây Thạnh'),(2528,27,'Tân Sơn Nhì'),(2529,27,'Phú Thọ Hòa'),(2530,27,'Tân Phú'),(2531,27,'Phú Thạnh'),(2532,27,'Hiệp Bình'),(2533,27,'Thủ Đức'),(2534,27,'Tam Bình'),(2535,27,'Linh Xuân'),(2536,27,'Tăng Nhơn Phú'),(2537,27,'Long Bình'),(2538,27,'Long Phước'),(2539,27,'Long Trường'),(2540,27,'Cát Lái'),(2541,27,'Bình Trưng'),(2542,27,'Phước Long'),(2543,27,'An Khánh'),(2544,27,'Đông Hòa'),(2545,27,'Dĩ An'),(2546,27,'Tân Đông Hiệp'),(2547,27,'An Phú'),(2548,27,'Bình Hòa'),(2549,27,'Lái Thiêu'),(2550,27,'Thuận An'),(2551,27,'Thuận Giao'),(2552,27,'Thủ Dầu Một'),(2553,27,'Phú Lợi'),(2554,27,'Chánh Hiệp'),(2555,27,'Bình Dương'),(2556,27,'Hòa Lợi'),(2557,27,'Phú An'),(2558,27,'Tây Nam'),(2559,27,'Long Nguyên'),(2560,27,'Bến Cát'),(2561,27,'Chánh Phú Hòa'),(2562,27,'Vĩnh Tân'),(2563,27,'Bình Cơ'),(2564,27,'Tân Uyên'),(2565,27,'Tân Hiệp'),(2566,27,'Tân Khánh'),(2567,27,'Vũng Tàu'),(2568,27,'Tam Thắng'),(2569,27,'Rạch Dừa'),(2570,27,'Phước Thắng'),(2571,27,'Long Hương'),(2572,27,'Bà Rịa'),(2573,27,'Tam Long'),(2574,27,'Tân Hải'),(2575,27,'Tân Phước'),(2576,27,'Phú Mỹ'),(2577,27,'Vĩnh Lộc'),(2578,27,'Tân Vĩnh Lộc'),(2579,27,'Bình Lợi'),(2580,27,'Tân Nhựt'),(2581,27,'Bình Chánh'),(2582,27,'Hưng Long'),(2583,27,'Bình Hưng'),(2584,27,'Bình Khánh'),(2585,27,'An Thới Đông'),(2586,27,'Cần Giờ'),(2587,27,'Củ Chi'),(2588,27,'Tân An Hội'),(2589,27,'Thái Mỹ'),(2590,27,'An Nhơn Tây'),(2591,27,'Nhuận Đức'),(2592,27,'Phú Hòa Đông'),(2593,27,'Bình Mỹ'),(2594,27,'Đông Thạnh'),(2595,27,'Hóc Môn'),(2596,27,'Xuân Thới Sơn'),(2597,27,'Bà Điểm'),(2598,27,'Nhà Bè'),(2599,27,'Hiệp Phước'),(2600,27,'Thường Tân'),(2601,27,'Bắc Tân Uyên'),(2602,27,'Phú Giáo'),(2603,27,'Phước Hòa'),(2604,27,'Phước Thành'),(2605,27,'An Long'),(2606,27,'Trừ Văn Thố'),(2607,27,'Bàu Bàng'),(2608,27,'Long Hòa'),(2609,27,'Thanh An'),(2610,27,'Dầu Tiếng'),(2611,27,'Minh Thạnh'),(2612,27,'Châu Pha'),(2613,27,'Long Hải'),(2614,27,'Long Điền'),(2615,27,'Phước Hải'),(2616,27,'Đất Đỏ'),(2617,27,'Nghĩa Thành'),(2618,27,'Ngãi Giao'),(2619,27,'Kim Long'),(2620,27,'Châu Đức'),(2621,27,'Bình Giã'),(2622,27,'Xuân Sơn'),(2623,27,'Hồ Tràm'),(2624,27,'Xuyên Mộc'),(2625,27,'Hòa Hội'),(2626,27,'Bàu Lâm'),(2627,27,'Đặc khu Côn Đảo'),(2628,28,'Xã Đại Phước'),(2629,28,'Xã Nhơn Trạch'),(2630,28,'Xã Phước An'),(2631,28,'Xã Phước Thái'),(2632,28,'Xã Long Phước'),(2633,28,'Xã Long Thành'),(2634,28,'Xã Bình An'),(2635,28,'Xã An Phước'),(2636,28,'Xã An Viễn'),(2637,28,'Xã Bình Minh'),(2638,28,'Xã Trảng Bom'),(2639,28,'Xã Bàu Hàm'),(2640,28,'Xã Hưng Thịnh'),(2641,28,'Xã Dầu Giây'),(2642,28,'Xã Gia Kiệm'),(2643,28,'Xã Thống Nhất'),(2644,28,'Xã Xuân Quế'),(2645,28,'Xã Xuân Đường'),(2646,28,'Xã Cẩm Mỹ'),(2647,28,'Xã Sông Ray'),(2648,28,'Xã Xuân Đông'),(2649,28,'Xã Xuân Định'),(2650,28,'Xã Xuân Phú'),(2651,28,'Xã Xuân Lộc'),(2652,28,'Xã Xuân Hòa'),(2653,28,'Xã Xuân Thành'),(2654,28,'Xã Xuân Bắc'),(2655,28,'Xã La Ngà'),(2656,28,'Xã Định Quán'),(2657,28,'Xã Phú Vinh'),(2658,28,'Xã Phú Hòa'),(2659,28,'Xã Tà Lài'),(2660,28,'Xã Nam Cát Tiên'),(2661,28,'Xã Tân Phú'),(2662,28,'Xã Phú Lâm'),(2663,28,'Xã Trị An'),(2664,28,'Xã Tân An'),(2665,28,'Xã Nha Bích'),(2666,28,'Xã Tân Quan'),(2667,28,'Xã Tân Hưng'),(2668,28,'Xã Tân Khai'),(2669,28,'Xã Minh Đức'),(2670,28,'Xã Lộc Thành'),(2671,28,'Xã Lộc Ninh'),(2672,28,'Xã Lộc Hưng'),(2673,28,'Xã Lộc Tấn'),(2674,28,'Xã Lộc Thạnh'),(2675,28,'Xã Lộc Quang'),(2676,28,'Xã Tân Tiến'),(2677,28,'Xã Thiện Hưng'),(2678,28,'Xã Hưng Phước'),(2679,28,'Xã Phú Nghĩa'),(2680,28,'Xã Đa Kia'),(2681,28,'Xã Bình Tân'),(2682,28,'Xã Long Hà'),(2683,28,'Xã Phú Riềng'),(2684,28,'Xã Phú Trung'),(2685,28,'Xã Thuận Lợi'),(2686,28,'Xã Đồng Tâm'),(2687,28,'Xã Tân Lợi'),(2688,28,'Xã Đồng Phú'),(2689,28,'Xã Phước Sơn'),(2690,28,'Xã Nghĩa Trung'),(2691,28,'Xã Bù Đăng'),(2692,28,'Xã Thọ Sơn'),(2693,28,'Xã Đak Nhau'),(2694,28,'Xã Bom Bo'),(2695,28,'Phường Biên Hòa'),(2696,28,'Phường Trấn Biên'),(2697,28,'Phường Tam Hiệp'),(2698,28,'Phường Long Bình'),(2699,28,'Phường Trảng Dài'),(2700,28,'Phường Hố Nai'),(2701,28,'Phường Long Hưng'),(2702,28,'Phường Bình Lộc'),(2703,28,'Phường Bảo Vinh'),(2704,28,'Phường Xuân Lập'),(2705,28,'Phường Long Khánh'),(2706,28,'Phường Hàng Gòn'),(2707,28,'Phường Tân Triều'),(2708,28,'Phường Minh Hưng'),(2709,28,'Phường Chơn Thành'),(2710,28,'Phường Bình Long'),(2711,28,'Phường An Lộc'),(2712,28,'Phường Phước Bình'),(2713,28,'Phường Phước Long'),(2714,28,'Phường Đồng Xoài'),(2715,28,'Phường Bình Phước'),(2716,28,'Phường Phước Tân'),(2717,28,'Phường Tam Phước'),(2718,28,'Xã Bù Gia Mập'),(2719,28,'Xã Đak Lua'),(2720,28,'Xã Đắk Ơ'),(2721,28,'Xã Phú Lý'),(2722,28,'Xã Thanh Sơn'),(2723,29,'Xã Hưng Điền'),(2724,29,'Xã Vĩnh Thạnh'),(2725,29,'Xã Tân Hưng'),(2726,29,'Xã Vĩnh Châu'),(2727,29,'Xã Tuyên Bình'),(2728,29,'Xã Vĩnh Hưng'),(2729,29,'Xã Khánh Hưng'),(2730,29,'Xã Tuyên Thạnh'),(2731,29,'Xã Bình Hiệp'),(2732,29,'Xã Bình Hòa'),(2733,29,'Xã Mộc Hóa'),(2734,29,'Xã Hậu Thạnh'),(2735,29,'Xã Nhơn Hòa Lập'),(2736,29,'Xã Nhơn Ninh'),(2737,29,'Xã Tân Thạnh'),(2738,29,'Xã Bình Thành'),(2739,29,'Xã Thạnh Phước'),(2740,29,'Xã Thạnh Hóa'),(2741,29,'Xã Tân Tây'),(2742,29,'Xã Thủ Thừa'),(2743,29,'Xã Mỹ An'),(2744,29,'Xã Mỹ Thạnh'),(2745,29,'Xã Tân Long'),(2746,29,'Xã Mỹ Quý'),(2747,29,'Xã Đông Thành'),(2748,29,'Xã Đức Huệ'),(2749,29,'Xã An Ninh'),(2750,29,'Xã Hiệp Hòa'),(2751,29,'Xã Hậu Nghĩa'),(2752,29,'Xã Hòa Khánh'),(2753,29,'Xã Đức Lập'),(2754,29,'Xã Mỹ Hạnh'),(2755,29,'Xã Đức Hòa'),(2756,29,'Xã Thạnh Lợi'),(2757,29,'Xã Bình Đức'),(2758,29,'Xã Lương Hòa'),(2759,29,'Xã Bến Lức'),(2760,29,'Xã Mỹ Yên'),(2761,29,'Xã Long Cang'),(2762,29,'Xã Rạch Kiến'),(2763,29,'Xã Mỹ Lệ'),(2764,29,'Xã Tân Lân'),(2765,29,'Xã Cần Đước'),(2766,29,'Xã Long Hựu'),(2767,29,'Xã Phước Lý'),(2768,29,'Xã Mỹ Lộc'),(2769,29,'Xã Cần Giuộc'),(2770,29,'Xã Phước Vĩnh Tây'),(2771,29,'Xã Tân Tập'),(2772,29,'Xã Vàm Cỏ'),(2773,29,'Xã Tân Trụ'),(2774,29,'Xã Nhựt Tảo'),(2775,29,'Xã Thuận Mỹ'),(2776,29,'Xã An Lục Long'),(2777,29,'Xã Tầm Vu'),(2778,29,'Xã Vĩnh Công'),(2779,29,'Phường Kiến Tường'),(2780,29,'Phường Long An'),(2781,29,'Phường Tân An'),(2782,29,'Phường Khánh Hậu'),(2783,29,'Xã Phước Chỉ'),(2784,29,'Xã Hưng Thuận'),(2785,29,'Xã Thạnh Đức'),(2786,29,'Xã Phước Thạnh'),(2787,29,'Xã Trảng Mít'),(2788,29,'Xã Lộc Ninh'),(2789,29,'Xã Cầu Khởi'),(2790,29,'Xã Dương Minh Châu'),(2791,29,'Xã Tân Đông'),(2792,29,'Xã Tân Châu'),(2793,29,'Xã Tân Phú'),(2794,29,'Xã Tân Hội'),(2795,29,'Xã Tân Thành'),(2796,29,'Xã Tân Hòa'),(2797,29,'Xã Tân Lập'),(2798,29,'Xã Tân Biên'),(2799,29,'Xã Thạnh Bình'),(2800,29,'Xã Trà Vong'),(2801,29,'Xã Phước Vinh'),(2802,29,'Xã Hòa Hội'),(2803,29,'Xã Ninh Điền'),(2804,29,'Xã Châu Thành'),(2805,29,'Xã Hảo Đước'),(2806,29,'Xã Long Chữ'),(2807,29,'Xã Long Thuận'),(2808,29,'Xã Bến Cầu'),(2809,29,'Phường Tân Ninh'),(2810,29,'Phường Bình Minh'),(2811,29,'Phường Ninh Thạnh'),(2812,29,'Phường Long Hoa'),(2813,29,'Phường Hòa Thành'),(2814,29,'Phường Thanh Điền'),(2815,29,'Phường Trảng Bàng'),(2816,29,'Phường An Tịnh'),(2817,29,'Phường Gò Dầu'),(2818,29,'Phường Gia Lộc'),(2819,30,'Phường Ninh Kiều'),(2820,30,'Phường Cái Khế'),(2821,30,'Phường Tân An'),(2822,30,'Phường An Bình'),(2823,30,'Phường Thới An Đông'),(2824,30,'Phường Bình Thủy'),(2825,30,'Phường Long Tuyền'),(2826,30,'Phường Cái Răng'),(2827,30,'Phường Hưng Phú'),(2828,30,'Phường Ô Môn'),(2829,30,'Phường Phước Thới'),(2830,30,'Phường Thới Long'),(2831,30,'Phường Trung Nhứt'),(2832,30,'Phường Thốt Nốt'),(2833,30,'Phường Thuận Hưng'),(2834,30,'Phường Vị Thanh'),(2835,30,'Phường Vị Tân'),(2836,30,'Phường Long Bình'),(2837,30,'Phường Long Mỹ'),(2838,30,'Phường Long Phú 1'),(2839,30,'Phường Đại Thành'),(2840,30,'Phường Ngã Bảy'),(2841,30,'Phường Phú Lợi'),(2842,30,'Phường Sóc Trăng'),(2843,30,'Phường Mỹ Xuyên'),(2844,30,'Phường Vĩnh Phước'),(2845,30,'Phường Vĩnh Châu'),(2846,30,'Phường Khánh Hòa'),(2847,30,'Phường Ngã Năm'),(2848,30,'Phường Mỹ Quới'),(2849,30,'Xã Phong Điền'),(2850,30,'Xã Nhơn Ái'),(2851,30,'Xã Thới Lai'),(2852,30,'Xã Đông Thuận'),(2853,30,'Xã Trường Xuân'),(2854,30,'Xã Trường Thành'),(2855,30,'Xã Cờ Đỏ'),(2856,30,'Xã Đông Hiệp'),(2857,30,'Xã Trung Hưng'),(2858,30,'Xã Vĩnh Thạnh'),(2859,30,'Xã Vĩnh Trinh'),(2860,30,'Xã Thạnh An'),(2861,30,'Xã Thạnh Quới'),(2862,30,'Xã Hòa Lựu'),(2863,30,'Xã Vị Thủy'),(2864,30,'Xã Vĩnh Thuận Đông'),(2865,30,'Xã Vị Thanh 1'),(2866,30,'Xã Vĩnh Tường'),(2867,30,'Xã Vĩnh Viễn'),(2868,30,'Xã Xã Phiên'),(2869,30,'Xã Lương Tâm'),(2870,30,'Xã Thạnh Xuân'),(2871,30,'Xã Tân Hòa'),(2872,30,'Xã Trường Long Tây'),(2873,30,'Xã Châu Thành'),(2874,30,'Xã Đông Phước'),(2875,30,'Xã Phú Hữu'),(2876,30,'Xã Tân Bình'),(2877,30,'Xã Hòa An'),(2878,30,'Xã Phương Bình'),(2879,30,'Xã Tân Phước Hưng'),(2880,30,'Xã Hiệp Hưng'),(2881,30,'Xã Phụng Hiệp'),(2882,30,'Xã Thạnh Hòa'),(2883,30,'Xã Hòa Tú'),(2884,30,'Xã Gia Hòa'),(2885,30,'Xã Nhu Gia'),(2886,30,'Xã Ngọc Tố'),(2887,30,'Xã Trường Khánh'),(2888,30,'Xã Đại Ngãi'),(2889,30,'Xã Tân Thạnh'),(2890,30,'Xã Long Phú'),(2891,30,'Xã Nhơn Mỹ'),(2892,30,'Xã An Lạc Thôn'),(2893,30,'Xã Kế Sách'),(2894,30,'Xã Thới An Hội'),(2895,30,'Xã Đại Hải'),(2896,30,'Xã Phú Tâm'),(2897,30,'Xã An Ninh'),(2898,30,'Xã Thuận Hòa'),(2899,30,'Xã Hồ Đắc Kiện'),(2900,30,'Xã Mỹ Tú'),(2901,30,'Xã Long Hưng'),(2902,30,'Xã Mỹ Hương'),(2903,30,'Xã Tân Long'),(2904,30,'Xã Phú Lộc'),(2905,30,'Xã Vĩnh Lợi'),(2906,30,'Xã Lâm Tân'),(2907,30,'Xã Thạnh Thới An'),(2908,30,'Xã Tài Văn'),(2909,30,'Xã Liêu Tú'),(2910,30,'Xã Lịch Hội Thượng'),(2911,30,'Xã Trần Đề'),(2912,30,'Xã An Thạnh'),(2913,30,'Xã Cù Lao Dung'),(2914,30,'Xã Lai Hòa'),(2915,30,'Xã Vĩnh Hải'),(2916,30,'Xã Mỹ Phước'),(2917,30,'Xã Phong Nẫm'),(2918,30,'Xã Trường Long'),(2919,30,'Xã Thới Hưng'),(2920,30,'Xã Thạnh Phú'),(2921,30,'Phường Tân Lộc'),(2922,31,'Xã Cái Nhum'),(2923,31,'Xã Tân Long Hội'),(2924,31,'Xã Nhơn Phú'),(2925,31,'Xã Bình Phước'),(2926,31,'Xã An Bình'),(2927,31,'Xã Long Hồ'),(2928,31,'Xã Phú Quới'),(2929,31,'Xã Quới Thiện'),(2930,31,'Xã Trung Thành'),(2931,31,'Xã Trung Ngãi'),(2932,31,'Xã Quới An'),(2933,31,'Xã Trung Hiệp'),(2934,31,'Xã Hiếu Phụng'),(2935,31,'Xã Hiếu Thành'),(2936,31,'Xã Lục Sỹ Thành'),(2937,31,'Xã Trà Ôn'),(2938,31,'Xã Trà Côn'),(2939,31,'Xã Vĩnh Xuân'),(2940,31,'Xã Hòa Bình'),(2941,31,'Xã Hòa Hiệp'),(2942,31,'Xã Tam Bình'),(2943,31,'Xã Ngãi Tứ'),(2944,31,'Xã Song Phú'),(2945,31,'Xã Cái Ngang'),(2946,31,'Xã Tân Quới'),(2947,31,'Xã Tân Lược'),(2948,31,'Xã Mỹ Thuận'),(2949,31,'Xã Long Hữu'),(2950,31,'Xã Cảng Long'),(2951,31,'Xã An Trường'),(2952,31,'Xã Tân An'),(2953,31,'Xã Nhị Long'),(2954,31,'Xã Bình Phú'),(2955,31,'Xã Châu Thành'),(2956,31,'Xã Song Lộc'),(2957,31,'Xã Hưng Mỹ'),(2958,31,'Xã Cầu Kè'),(2959,31,'Xã Phong Thạnh'),(2960,31,'Xã An Phú Tân'),(2961,31,'Xã Tam Ngãi'),(2962,31,'Xã Tiểu Cần'),(2963,31,'Xã Tân Hòa'),(2964,31,'Xã Hùng Hòa'),(2965,31,'Xã Tập Ngãi'),(2966,31,'Xã Cầu Ngang'),(2967,31,'Xã Mỹ Long'),(2968,31,'Xã Vĩnh Kim'),(2969,31,'Xã Nhị Trường'),(2970,31,'Xã Hiệp Mỹ'),(2971,31,'Xã Trà Cú'),(2972,31,'Xã Đại An'),(2973,31,'Xã Lưu Nghiệp Anh'),(2974,31,'Xã Hàm Giang'),(2975,31,'Xã Long Hiệp'),(2976,31,'Xã Tập Sơn'),(2977,31,'Xã Long Thành'),(2978,31,'Xã Đôn Châu'),(2979,31,'Xã Ngũ Lạc'),(2980,31,'Xã Phú Túc'),(2981,31,'Xã Đồng Khởi'),(2982,31,'Xã Tiên Thủy'),(2983,31,'Xã Tân Phú'),(2984,31,'Xã Phú Phụng'),(2985,31,'Xã Chợ Lách'),(2986,31,'Xã Vĩnh Thành'),(2987,31,'Xã Hưng Khánh Trung'),(2988,31,'Xã Phước Mỹ Trung'),(2989,31,'Xã Tân Thành Bình'),(2990,31,'Xã Nhuận Phú Tân'),(2991,31,'Xã Đông Hải'),(2992,31,'Xã Mỏ Cày'),(2993,31,'Xã Thạnh Thới'),(2994,31,'Xã An Định'),(2995,31,'Xã Hương Mỹ'),(2996,31,'Xã Đại Điền'),(2997,31,'Xã Quới Điền'),(2998,31,'Xã Thạnh Phú'),(2999,31,'Xã An Qui'),(3000,31,'Xã Thạnh Hải'),(3001,31,'Xã Thạnh Phong'),(3002,31,'Xã Tân Thủy'),(3003,31,'Xã Bảo Thạnh'),(3004,31,'Xã Ba Tri'),(3005,31,'Xã Tân Xuân'),(3006,31,'Xã Mỹ Chánh Hòa'),(3007,31,'Xã An Ngãi Trung'),(3008,31,'Xã An Hiệp'),(3009,31,'Xã Hưng Nhượng'),(3010,31,'Xã Giồng Trôm'),(3011,31,'Xã Tân Hào'),(3012,31,'Xã Phước Long'),(3013,31,'Xã Lương Phú'),(3014,31,'Xã Châu Hòa'),(3015,31,'Xã Lương Hòa'),(3016,31,'Xã Thới Thuận'),(3017,31,'Xã Thạnh Phước'),(3018,31,'Xã Bình Đại'),(3019,31,'Xã Thạnh Trị'),(3020,31,'Xã Lộc Thuận'),(3021,31,'Xã Châu Hưng'),(3022,31,'Xã Phú Thuận'),(3023,31,'Phường Thanh Đức'),(3024,31,'Phường Long Châu'),(3025,31,'Phường Phước Hậu'),(3026,31,'Phường Tân Hạnh'),(3027,31,'Phường Tân Ngãi'),(3028,31,'Phường Bình Minh'),(3029,31,'Phường Cái Vồn'),(3030,31,'Phường Đông Thành'),(3031,31,'Phường Trà Vinh'),(3032,31,'Phường Long Đức'),(3033,31,'Phường Nguyệt Hoá'),(3034,31,'Phường Hoà Thuận'),(3035,31,'Phường Duyên Hải'),(3036,31,'Phường Trường Long Hoá'),(3037,31,'Phường An Hội'),(3038,31,'Phường Phú Khương'),(3039,31,'Phường Bến Tre'),(3040,31,'Phường Sơn Đông'),(3041,31,'Phường Phú Tân'),(3042,31,'Xã Hàm Giang'),(3043,31,'Xã Hòa Minh'),(3044,31,'Xã Long Hòa'),(3045,31,'Xã Long Vĩnh'),(3046,32,'Xã Tân Hồng'),(3047,32,'Xã Tân Thành'),(3048,32,'Xã Tân Hộ Cơ'),(3049,32,'Xã An Phước'),(3050,32,'Xã Thường Phước'),(3051,32,'Xã Long Khánh'),(3052,32,'Xã Long Phú Thuận'),(3053,32,'Xã An Hòa'),(3054,32,'Xã Tam Nông'),(3055,32,'Xã Phú Thọ'),(3056,32,'Xã Tràm Chim'),(3057,32,'Xã Phú Cường'),(3058,32,'Xã An Long'),(3059,32,'Xã Thanh Bình'),(3060,32,'Xã Tân Thạnh'),(3061,32,'Xã Bình Thành'),(3062,32,'Xã Tân Long'),(3063,32,'Xã Tháp Mười'),(3064,32,'Xã Thạnh Mỹ'),(3065,32,'Xã Mỹ Quí'),(3066,32,'Xã Đốc Binh Kiều'),(3067,32,'Xã Trường Xuân'),(3068,32,'Xã Phương Thịnh'),(3069,32,'Xã Phong Mỹ'),(3070,32,'Xã Ba Sao'),(3071,32,'Xã Mỹ Thọ'),(3072,32,'Xã Bình Hàng Trung'),(3073,32,'Xã Mỹ Hiệp'),(3074,32,'Xã Mỹ An Hưng'),(3075,32,'Xã Tân Khánh Trung'),(3076,32,'Xã Lấp Vò'),(3077,32,'Xã Lai Vung'),(3078,32,'Xã Hòa Long'),(3079,32,'Xã Phong Hòa'),(3080,32,'Xã Tân Dương'),(3081,32,'Xã Phú Hựu'),(3082,32,'Xã Tân Nhuận Đông'),(3083,32,'Xã Tân Phú Trung'),(3084,32,'Xã Tân Phú'),(3085,32,'Xã Thanh Hưng'),(3086,32,'Xã An Hữu'),(3087,32,'Xã Mỹ Lợi'),(3088,32,'Xã Mỹ Đức Tây'),(3089,32,'Xã Mỹ Thiện'),(3090,32,'Xã Hậu Mỹ'),(3091,32,'Xã Hội Cư'),(3092,32,'Xã Cái Bè'),(3093,32,'Xã Mỹ Thành'),(3094,32,'Xã Thạnh Phú'),(3095,32,'Xã Bình Phú'),(3096,32,'Xã Hiệp Đức'),(3097,32,'Xã Long Tiên'),(3098,32,'Xã Ngũ Hiệp'),(3099,32,'Xã Tân Phước 1'),(3100,32,'Xã Tân Phước 2'),(3101,32,'Xã Tân Phước 3'),(3102,32,'Xã Hưng Thạnh'),(3103,32,'Xã Tân Hương'),(3104,32,'Xã Châu Thành'),(3105,32,'Xã Long Hưng'),(3106,32,'Xã Long Định'),(3107,32,'Xã Bình Trưng'),(3108,32,'Xã Vĩnh Kim'),(3109,32,'Xã Kim Sơn'),(3110,32,'Xã Mỹ Tịnh An'),(3111,32,'Xã Lương Hòa Lạc'),(3112,32,'Xã Tân Thuận Bình'),(3113,32,'Xã Chợ Gạo'),(3114,32,'Xã An Thạnh Thủy'),(3115,32,'Xã Bình Ninh'),(3116,32,'Xã Vĩnh Bình'),(3117,32,'Xã Đồng Sơn'),(3118,32,'Xã Phú Thạnh'),(3119,32,'Xã Long Bình'),(3120,32,'Xã Vĩnh Hựu'),(3121,32,'Xã Gò Công Đông'),(3122,32,'Xã Tân Điền'),(3123,32,'Xã Tân Hòa'),(3124,32,'Xã Tân Đông'),(3125,32,'Xã Gia Thuận'),(3126,32,'Xã Tân Thới'),(3127,32,'Xã Tân Phú Đông'),(3128,32,'Phường Mỹ Tho'),(3129,32,'Phường Đạo Thạnh'),(3130,32,'Phường Mỹ Phong'),(3131,32,'Phường Thới Sơn'),(3132,32,'Phường Trung An'),(3133,32,'Phường Gò Công'),(3134,32,'Phường Long Thuận'),(3135,32,'Phường Bình Xuân'),(3136,32,'Phường Sơn Qui'),(3137,32,'Phường An Bình'),(3138,32,'Phường Hồng Ngự'),(3139,32,'Phường Thường Lạc'),(3140,32,'Phường Cao Lãnh'),(3141,32,'Phường Mỹ Ngãi'),(3142,32,'Phường Mỹ Trà'),(3143,32,'Phường Sa Đéc'),(3144,32,'Phường Mỹ Phước Tây'),(3145,32,'Phường Cai Lậy'),(3146,32,'Phường Thanh Hòa'),(3147,32,'Phường Nhị Quý'),(3148,33,'Xã Tân Thuận'),(3149,33,'Xã Tân Tiến'),(3150,33,'Xã Tạ An Khương'),(3151,33,'Xã Trần Phán'),(3152,33,'Xã Thanh Tùng'),(3153,33,'Xã Đầm Dơi'),(3154,33,'Xã Quách Phẩm'),(3155,33,'Xã U Minh'),(3156,33,'Xã Nguyễn Phích'),(3157,33,'Xã Khánh Lâm'),(3158,33,'Xã Khánh An'),(3159,33,'Xã Phan Ngọc Hiển'),(3160,33,'Xã Đất Mũi'),(3161,33,'Xã Tân Ân'),(3162,33,'Xã Khánh Bình'),(3163,33,'Xã Đá Bạc'),(3164,33,'Xã Khánh Hưng'),(3165,33,'Xã Sông Đốc'),(3166,33,'Xã Trần Văn Thời'),(3167,33,'Xã Thới Bình'),(3168,33,'Xã Trí Phải'),(3169,33,'Xã Tân Lộc'),(3170,33,'Xã Biển Bạch'),(3171,33,'Xã Đất Mới'),(3172,33,'Xã Năm Căn'),(3173,33,'Xã Tam Giang'),(3174,33,'Xã Cái Đôi Vàm'),(3175,33,'Xã Nguyễn Việt Khái'),(3176,33,'Xã Phú Tân'),(3177,33,'Xã Phú Mỹ'),(3178,33,'Xã Hồ Thị Kỷ'),(3179,33,'Xã Lương Thế Trân'),(3180,33,'Xã Tân Hưng'),(3181,33,'Xã Hưng Mỹ'),(3182,33,'Xã Cái Nước'),(3183,33,'Xã Phong Thạnh'),(3184,33,'Xã Hồng Dân'),(3185,33,'Xã Vĩnh Lộc'),(3186,33,'Xã Ninh Thạnh Lợi'),(3187,33,'Xã Ninh Quới'),(3188,33,'Xã Gành Hào'),(3189,33,'Xã Định Thành'),(3190,33,'Xã An Trạch'),(3191,33,'Xã Long Điền'),(3192,33,'Xã Đông Hải'),(3193,33,'Xã Hòa Bình'),(3194,33,'Xã Vĩnh Mỹ'),(3195,33,'Xã Vĩnh Hậu'),(3196,33,'Xã Phước Long'),(3197,33,'Xã Vĩnh Phước'),(3198,33,'Xã Phong Hiệp'),(3199,33,'Xã Vĩnh Thanh'),(3200,33,'Xã Vĩnh Lợi'),(3201,33,'Xã Hưng Hội'),(3202,33,'Xã Châu Thới'),(3203,33,'Phường Bạc Liêu'),(3204,33,'Phường Vĩnh Trạch'),(3205,33,'Phường Hiệp Thành'),(3206,33,'Phường Giá Rai'),(3207,33,'Phường Láng Tròn'),(3208,33,'Phường An Xuyên'),(3209,33,'Phường Lý Văn Lâm'),(3210,33,'Phường Tân Thành'),(3211,33,'Phường Hòa Thành'),(3212,34,'Xã An Phú'),(3213,34,'Xã Vĩnh Hậu'),(3214,34,'Xã Nhơn Hội'),(3215,34,'Xã Khánh Bình'),(3216,34,'Xã Phú Hữu'),(3217,34,'Xã Tân An'),(3218,34,'Xã Châu Phong'),(3219,34,'Xã Vĩnh Xương'),(3220,34,'Xã Phú Tân'),(3221,34,'Xã Phú An'),(3222,34,'Xã Bình Thạnh Đông'),(3223,34,'Xã Chợ Vàm'),(3224,34,'Xã Hòa Lạc'),(3225,34,'Xã Phú Lâm'),(3226,34,'Xã Châu Phú'),(3227,34,'Xã Mỹ Đức'),(3228,34,'Xã Vĩnh Thạnh Trung'),(3229,34,'Xã Bình Mỹ'),(3230,34,'Xã Thạnh Mỹ Tây'),(3231,34,'Xã An Cư'),(3232,34,'Xã Núi Cấm'),(3233,34,'Xã Ba Chúc'),(3234,34,'Xã Tri Tôn'),(3235,34,'Xã Ô Lâm'),(3236,34,'Xã Cô Tô'),(3237,34,'Xã Vĩnh Gia'),(3238,34,'Xã An Châu'),(3239,34,'Xã Bình Hòa'),(3240,34,'Xã Cần Đăng'),(3241,34,'Xã Vĩnh Hạnh'),(3242,34,'Xã Vĩnh An'),(3243,34,'Xã Chợ Mới'),(3244,34,'Xã Cù Lao Giêng'),(3245,34,'Xã Hội An'),(3246,34,'Xã Long Điền'),(3247,34,'Xã Nhơn Mỹ'),(3248,34,'Xã Long Kiến'),(3249,34,'Xã Thoại Sơn'),(3250,34,'Xã Ốc Eo'),(3251,34,'Xã Định Mỹ'),(3252,34,'Xã Phú Hòa'),(3253,34,'Xã Vĩnh Trạch'),(3254,34,'Xã Tây Phú'),(3255,34,'Xã Vĩnh Bình'),(3256,34,'Xã Vĩnh Thuận'),(3257,34,'Xã Vĩnh Phong'),(3258,34,'Xã Vĩnh Hòa'),(3259,34,'Xã U Minh Thượng'),(3260,34,'Xã Đông Hòa'),(3261,34,'Xã Tân Thạnh'),(3262,34,'Xã Đông Hưng'),(3263,34,'Xã An Minh'),(3264,34,'Xã Vân Khánh'),(3265,34,'Xã Tây Yên'),(3266,34,'Xã Đông Thái'),(3267,34,'Xã An Biên'),(3268,34,'Xã Định Hòa'),(3269,34,'Xã Gò Quao'),(3270,34,'Xã Vĩnh Hòa Hưng'),(3271,34,'Xã Vĩnh Tuy'),(3272,34,'Xã Giồng Riềng'),(3273,34,'Xã Thạnh Hưng'),(3274,34,'Xã Long Thạnh'),(3275,34,'Xã Hòa Hưng'),(3276,34,'Xã Ngọc Chúc'),(3277,34,'Xã Hòa Thuận'),(3278,34,'Xã Tân Hội'),(3279,34,'Xã Tân Hiệp'),(3280,34,'Xã Thạnh Đông'),(3281,34,'Xã Thạnh Lộc'),(3282,34,'Xã Châu Thành'),(3283,34,'Xã Bình An'),(3284,34,'Xã Hòn Đất'),(3285,34,'Xã Sơn Kiên'),(3286,34,'Xã Mỹ Thuận'),(3287,34,'Xã Hòa Điền'),(3288,34,'Xã Kiên Lương'),(3289,34,'Xã Giang Thành'),(3290,34,'Xã Vĩnh Điều'),(3291,34,'Xã Mỹ Hòa Hưng'),(3292,34,'Xã Bình Giang'),(3293,34,'Xã Bình Sơn'),(3294,34,'Xã Hòn Nghệ'),(3295,34,'Xã Sơn Hải'),(3296,34,'Xã Tiên Hải'),(3297,34,'Phường Long Xuyên'),(3298,34,'Phường Bình Đức'),(3299,34,'Phường Mỹ Thới'),(3300,34,'Phường Châu Đốc'),(3301,34,'Phường Vĩnh Tế'),(3302,34,'Phường Tân Châu'),(3303,34,'Phường Long Phú'),(3304,34,'Phường Tịnh Biên'),(3305,34,'Phường Thới Sơn'),(3306,34,'Phường Chi Lăng'),(3307,34,'Phường Vĩnh Thông'),(3308,34,'Phường Rạch Giá'),(3309,34,'Phường Hà Tiên'),(3310,34,'Phường Tô Châu'),(3311,34,'Đặc khu Kiên Hải'),(3312,34,'Đặc khu Phú Quốc'),(3313,34,'Đặc khu Thổ Châu');
UNLOCK TABLES;

SET FOREIGN_KEY_CHECKS = 1;
