-- Du lieu mau mo rong phuc vu demo san pham thuc te, ton kho kep, cong thuc mau, nhan su, ca lam va cong no co han tra.
-- Luu y: Ten san pham va cong thuc mau duoi day la du lieu mo phong cho bai tap, khong phai cong thuc chinh thuc cua cac hang son.
INSERT INTO `jobs` (`job_id`, `job_title`, `min_salary`, `max_salary`) VALUES
(1, 'Quản lý cửa hàng', 12000000, 20000000),
(2, 'Nhân viên bán hàng', 7000000, 12000000),
(3, 'Kỹ thuật viên pha màu', 8000000, 14000000),
(4, 'Kế toán công nợ', 7500000, 13000000),
(5, 'Thủ kho', 7000000, 11000000);

INSERT INTO `shifts` (`shift_id`, `shift_name`, `start_time`, `end_time`) VALUES
(1, 'Ca sáng', '08:00:00', '12:00:00'),
(2, 'Ca chiều', '13:00:00', '17:00:00'),
(3, 'Ca tối', '18:00:00', '22:00:00');

INSERT INTO `employees` (`employee_id`, `full_name`, `email`, `phone`, `hire_date`, `password_hash`, `job_id`, `role`) VALUES
(1, 'Nguyễn Phú Lâm', 'lam.manager@khanhpaint.local', '0911000001', '2026-04-20', '$2b$10$CwTycUXWue0Thq9StjUM0uJ8mV9QMwb.FsLd0lQpIKqzeC857jGqK', 1, 'admin'),
(2, 'Trần Gia Huy', 'huy.sales@khanhpaint.local', '0911000002', '2026-05-01', '$2b$10$CwTycUXWue0Thq9StjUM0uJ8mV9QMwb.FsLd0lQpIKqzeC857jGqK', 2, 'staff'),
(3, 'Nguyễn Trần Gia Huy', 'giahuy.sales@khanhpaint.local', '0911000003', '2026-05-02', '$2b$10$CwTycUXWue0Thq9StjUM0uJ8mV9QMwb.FsLd0lQpIKqzeC857jGqK', 2, 'staff'),
(4, 'Đỗ Minh Quân', 'quan.tech@khanhpaint.local', '0911000004', '2026-05-03', '$2b$10$CwTycUXWue0Thq9StjUM0uJ8mV9QMwb.FsLd0lQpIKqzeC857jGqK', 3, 'staff'),
(5, 'Vũ Hải Yến', 'yen.tech@khanhpaint.local', '0911000005', '2026-05-05', '$2b$10$CwTycUXWue0Thq9StjUM0uJ8mV9QMwb.FsLd0lQpIKqzeC857jGqK', 3, 'staff'),
(6, 'Phạm Thanh Mai', 'mai.accounting@khanhpaint.local', '0911000006', '2026-05-08', '$2b$10$CwTycUXWue0Thq9StjUM0uJ8mV9QMwb.FsLd0lQpIKqzeC857jGqK', 4, 'staff'),
(7, 'Lê Quốc Bảo', 'bao.warehouse@khanhpaint.local', '0911000007', '2026-05-10', '$2b$10$CwTycUXWue0Thq9StjUM0uJ8mV9QMwb.FsLd0lQpIKqzeC857jGqK', 5, 'staff');

INSERT INTO `employees_shifts` (`employee_id`, `shift_id`, `working_date`) VALUES
(1, 1, DATE_SUB(CURRENT_DATE, INTERVAL 0 DAY)),
(2, 1, DATE_SUB(CURRENT_DATE, INTERVAL 0 DAY)),
(4, 1, DATE_SUB(CURRENT_DATE, INTERVAL 0 DAY)),
(7, 1, DATE_SUB(CURRENT_DATE, INTERVAL 0 DAY)),
(1, 2, DATE_SUB(CURRENT_DATE, INTERVAL 0 DAY)),
(3, 2, DATE_SUB(CURRENT_DATE, INTERVAL 0 DAY)),
(5, 2, DATE_SUB(CURRENT_DATE, INTERVAL 0 DAY)),
(6, 2, DATE_SUB(CURRENT_DATE, INTERVAL 0 DAY)),
(2, 3, DATE_SUB(CURRENT_DATE, INTERVAL 0 DAY)),
(5, 3, DATE_SUB(CURRENT_DATE, INTERVAL 0 DAY)),
(1, 1, DATE_SUB(CURRENT_DATE, INTERVAL 1 DAY)),
(2, 1, DATE_SUB(CURRENT_DATE, INTERVAL 1 DAY)),
(4, 1, DATE_SUB(CURRENT_DATE, INTERVAL 1 DAY)),
(7, 1, DATE_SUB(CURRENT_DATE, INTERVAL 1 DAY)),
(1, 2, DATE_SUB(CURRENT_DATE, INTERVAL 1 DAY)),
(3, 2, DATE_SUB(CURRENT_DATE, INTERVAL 1 DAY)),
(5, 2, DATE_SUB(CURRENT_DATE, INTERVAL 1 DAY)),
(6, 2, DATE_SUB(CURRENT_DATE, INTERVAL 1 DAY)),
(2, 3, DATE_SUB(CURRENT_DATE, INTERVAL 1 DAY)),
(5, 3, DATE_SUB(CURRENT_DATE, INTERVAL 1 DAY)),
(1, 1, DATE_SUB(CURRENT_DATE, INTERVAL 2 DAY)),
(2, 1, DATE_SUB(CURRENT_DATE, INTERVAL 2 DAY)),
(4, 1, DATE_SUB(CURRENT_DATE, INTERVAL 2 DAY)),
(7, 1, DATE_SUB(CURRENT_DATE, INTERVAL 2 DAY)),
(1, 2, DATE_SUB(CURRENT_DATE, INTERVAL 2 DAY)),
(3, 2, DATE_SUB(CURRENT_DATE, INTERVAL 2 DAY)),
(5, 2, DATE_SUB(CURRENT_DATE, INTERVAL 2 DAY)),
(6, 2, DATE_SUB(CURRENT_DATE, INTERVAL 2 DAY)),
(2, 3, DATE_SUB(CURRENT_DATE, INTERVAL 2 DAY)),
(5, 3, DATE_SUB(CURRENT_DATE, INTERVAL 2 DAY)),
(1, 1, DATE_SUB(CURRENT_DATE, INTERVAL 3 DAY)),
(2, 1, DATE_SUB(CURRENT_DATE, INTERVAL 3 DAY)),
(4, 1, DATE_SUB(CURRENT_DATE, INTERVAL 3 DAY)),
(7, 1, DATE_SUB(CURRENT_DATE, INTERVAL 3 DAY)),
(1, 2, DATE_SUB(CURRENT_DATE, INTERVAL 3 DAY)),
(3, 2, DATE_SUB(CURRENT_DATE, INTERVAL 3 DAY)),
(5, 2, DATE_SUB(CURRENT_DATE, INTERVAL 3 DAY)),
(6, 2, DATE_SUB(CURRENT_DATE, INTERVAL 3 DAY)),
(2, 3, DATE_SUB(CURRENT_DATE, INTERVAL 3 DAY)),
(5, 3, DATE_SUB(CURRENT_DATE, INTERVAL 3 DAY)),
(1, 1, DATE_SUB(CURRENT_DATE, INTERVAL 7 DAY)),
(2, 1, DATE_SUB(CURRENT_DATE, INTERVAL 7 DAY)),
(4, 1, DATE_SUB(CURRENT_DATE, INTERVAL 7 DAY)),
(7, 1, DATE_SUB(CURRENT_DATE, INTERVAL 7 DAY)),
(1, 2, DATE_SUB(CURRENT_DATE, INTERVAL 7 DAY)),
(3, 2, DATE_SUB(CURRENT_DATE, INTERVAL 7 DAY)),
(5, 2, DATE_SUB(CURRENT_DATE, INTERVAL 7 DAY)),
(6, 2, DATE_SUB(CURRENT_DATE, INTERVAL 7 DAY)),
(2, 3, DATE_SUB(CURRENT_DATE, INTERVAL 7 DAY)),
(5, 3, DATE_SUB(CURRENT_DATE, INTERVAL 7 DAY)),
(1, 1, DATE_SUB(CURRENT_DATE, INTERVAL 14 DAY)),
(2, 1, DATE_SUB(CURRENT_DATE, INTERVAL 14 DAY)),
(4, 1, DATE_SUB(CURRENT_DATE, INTERVAL 14 DAY)),
(7, 1, DATE_SUB(CURRENT_DATE, INTERVAL 14 DAY)),
(1, 2, DATE_SUB(CURRENT_DATE, INTERVAL 14 DAY)),
(3, 2, DATE_SUB(CURRENT_DATE, INTERVAL 14 DAY)),
(5, 2, DATE_SUB(CURRENT_DATE, INTERVAL 14 DAY)),
(6, 2, DATE_SUB(CURRENT_DATE, INTERVAL 14 DAY)),
(2, 3, DATE_SUB(CURRENT_DATE, INTERVAL 14 DAY)),
(5, 3, DATE_SUB(CURRENT_DATE, INTERVAL 14 DAY)),
(1, 1, DATE_SUB(CURRENT_DATE, INTERVAL 21 DAY)),
(2, 1, DATE_SUB(CURRENT_DATE, INTERVAL 21 DAY)),
(4, 1, DATE_SUB(CURRENT_DATE, INTERVAL 21 DAY)),
(7, 1, DATE_SUB(CURRENT_DATE, INTERVAL 21 DAY)),
(1, 2, DATE_SUB(CURRENT_DATE, INTERVAL 21 DAY)),
(3, 2, DATE_SUB(CURRENT_DATE, INTERVAL 21 DAY)),
(5, 2, DATE_SUB(CURRENT_DATE, INTERVAL 21 DAY)),
(6, 2, DATE_SUB(CURRENT_DATE, INTERVAL 21 DAY)),
(2, 3, DATE_SUB(CURRENT_DATE, INTERVAL 21 DAY)),
(5, 3, DATE_SUB(CURRENT_DATE, INTERVAL 21 DAY)),
(1, 1, DATE_SUB(CURRENT_DATE, INTERVAL 35 DAY)),
(2, 1, DATE_SUB(CURRENT_DATE, INTERVAL 35 DAY)),
(4, 1, DATE_SUB(CURRENT_DATE, INTERVAL 35 DAY)),
(7, 1, DATE_SUB(CURRENT_DATE, INTERVAL 35 DAY)),
(1, 2, DATE_SUB(CURRENT_DATE, INTERVAL 35 DAY)),
(3, 2, DATE_SUB(CURRENT_DATE, INTERVAL 35 DAY)),
(5, 2, DATE_SUB(CURRENT_DATE, INTERVAL 35 DAY)),
(6, 2, DATE_SUB(CURRENT_DATE, INTERVAL 35 DAY)),
(2, 3, DATE_SUB(CURRENT_DATE, INTERVAL 35 DAY)),
(5, 3, DATE_SUB(CURRENT_DATE, INTERVAL 35 DAY)),
(1, 1, DATE_SUB(CURRENT_DATE, INTERVAL 40 DAY)),
(2, 1, DATE_SUB(CURRENT_DATE, INTERVAL 40 DAY)),
(4, 1, DATE_SUB(CURRENT_DATE, INTERVAL 40 DAY)),
(7, 1, DATE_SUB(CURRENT_DATE, INTERVAL 40 DAY)),
(1, 2, DATE_SUB(CURRENT_DATE, INTERVAL 40 DAY)),
(3, 2, DATE_SUB(CURRENT_DATE, INTERVAL 40 DAY)),
(5, 2, DATE_SUB(CURRENT_DATE, INTERVAL 40 DAY)),
(6, 2, DATE_SUB(CURRENT_DATE, INTERVAL 40 DAY)),
(2, 3, DATE_SUB(CURRENT_DATE, INTERVAL 40 DAY)),
(5, 3, DATE_SUB(CURRENT_DATE, INTERVAL 40 DAY));

INSERT INTO `brands` (`brand_id`, `name`, `origin`, `description`) VALUES
(1, 'Dulux', 'Netherlands', 'Thương hiệu sơn trang trí phổ biến, mạnh về nội thất và ngoại thất cao cấp.'),
(2, 'Jotun', 'Norway', 'Thương hiệu sơn bảo vệ và trang trí có độ bền màu cao.'),
(3, 'Nippon Paint', 'Japan', 'Thương hiệu sơn đa phân khúc, phổ biến trong nhà dân dụng.'),
(4, 'Kova', 'Vietnam', 'Thương hiệu sơn Việt Nam, nổi bật về chống thấm và kháng khuẩn.'),
(5, 'Maxilite', 'Netherlands', 'Dòng sơn phổ thông, dễ thi công, giá phù hợp công trình lớn.'),
(6, 'Mykolor', 'Vietnam', 'Thương hiệu sơn trang trí có bảng màu phong phú, hướng tới thẩm mỹ cao.');

INSERT INTO `productlines` (`line_id`, `brand_id`, `name`, `is_interior`, `description`) VALUES
(1, 1, 'Inspire Interior', 1, 'Sơn nội thất dễ thi công, phù hợp nhà ở và căn hộ.'),
(2, 1, 'Weathershield Exterior', 0, 'Sơn ngoại thất chống chịu thời tiết, bám dính tốt.'),
(3, 1, 'Aquatech Chống thấm', 0, 'Dòng sơn chống thấm cho tường ngoài và khu vực ẩm.'),
(4, 2, 'Majestic Đẹp Hoàn Hảo', 1, 'Sơn nội thất cao cấp, bề mặt mịn và bền màu.'),
(5, 2, 'Jotashield Exterior', 0, 'Sơn ngoại thất cao cấp, chống phai màu.'),
(6, 2, 'Essence Easy Clean', 1, 'Sơn nội thất dễ lau chùi cho gia đình.'),
(7, 3, 'Odour-less Chùi Rửa', 1, 'Sơn nội thất ít mùi, lau chùi tốt.'),
(8, 3, 'WeatherGard', 0, 'Sơn ngoại thất chống rêu mốc và tia UV.'),
(9, 3, 'Matex Sealer Sơn lót', 1, 'Sơn lót nội thất giúp tăng độ bám dính lớp phủ.'),
(10, 4, 'Nano Clean', 1, 'Sơn nội thất kháng khuẩn, chống bám bẩn.'),
(11, 4, 'CT-11A Plus Chống thấm', 0, 'Chống thấm xi măng polymer cho tường và sàn.'),
(12, 4, 'Kova Exterior Bóng', 0, 'Sơn ngoại thất bóng nhẹ, phù hợp khí hậu nóng ẩm.'),
(13, 5, 'Maxilite Plus Interior', 1, 'Sơn nội thất phổ thông cho công trình dân dụng.'),
(14, 5, 'Maxilite Exterior', 0, 'Sơn ngoại thất phổ thông, kinh tế.'),
(15, 6, 'Grand Interior', 1, 'Sơn nội thất trang trí với màu sắc đa dạng.'),
(16, 6, 'Touch Exterior', 0, 'Sơn ngoại thất trang trí, bền màu và chống bám bẩn.');

INSERT INTO `basetypes` (`base_id`, `line_id`, `base_name`, `coverage_rate`, `drying_time`, `gloss_level`, `recommended_layers`) VALUES
(1, 1, 'Base A', 12.00, '2 giờ', 'Mờ', '2 lớp'),
(2, 1, 'Base B', 11.00, '2 giờ', 'Mờ', '2 lớp'),
(3, 1, 'Base C', 10.00, '2 giờ', 'Mờ', '2 lớp'),
(4, 2, 'Base Exterior A', 9.50, '3 giờ', 'Bóng nhẹ', '2 lớp'),
(5, 2, 'Base Exterior C', 8.80, '3 giờ', 'Bóng nhẹ', '2 lớp'),
(6, 3, 'White Base chống thấm', 7.50, '4 giờ', 'Mờ', '2 lớp'),
(7, 4, 'Base Premium A', 13.00, '2 giờ', 'Bán bóng', '2 lớp'),
(8, 4, 'Base Premium C', 11.50, '2 giờ', 'Bán bóng', '2 lớp'),
(9, 5, 'Base Shield A', 9.00, '3 giờ', 'Bóng nhẹ', '2 lớp'),
(10, 5, 'Base Shield C', 8.50, '3 giờ', 'Bóng nhẹ', '2 lớp'),
(11, 6, 'Base Easy Clean A', 12.00, '2 giờ', 'Mờ', '2 lớp'),
(12, 7, 'Base Odour-less A', 12.50, '2 giờ', 'Mờ', '2 lớp'),
(13, 7, 'Base Odour-less C', 10.50, '2 giờ', 'Mờ', '2 lớp'),
(14, 8, 'Base Weather A', 9.00, '3 giờ', 'Bán bóng', '2 lớp'),
(15, 9, 'White Base sơn lót', 10.00, '1 giờ', 'Mờ', '1 lớp'),
(16, 10, 'Base Nano A', 11.00, '2 giờ', 'Mờ', '2 lớp'),
(17, 10, 'Base Nano C', 9.50, '2 giờ', 'Mờ', '2 lớp'),
(18, 11, 'Clear Base chống thấm', 6.50, '4 giờ', 'Trong mờ', '2 lớp'),
(19, 12, 'Base Kova Exterior A', 9.00, '3 giờ', 'Bóng', '2 lớp'),
(20, 13, 'Base Plus A', 11.00, '2 giờ', 'Mờ', '2 lớp'),
(21, 14, 'Base Maxilite Exterior A', 8.50, '3 giờ', 'Mờ', '2 lớp'),
(22, 15, 'Base Grand A', 12.00, '2 giờ', 'Bán bóng', '2 lớp'),
(23, 15, 'Base Grand C', 10.00, '2 giờ', 'Bán bóng', '2 lớp'),
(24, 16, 'Base Touch Exterior A', 9.00, '3 giờ', 'Bóng nhẹ', '2 lớp');

INSERT INTO `productvariants` (`variant_id`, `base_id`, `volume`, `sku_code`, `unit_price`, `stock_quantity`, `warehouse_location`) VALUES
(1, 1, '1L', 'DUL-IN-A-1L', 187000, 13, 'Kệ A1'),
(2, 1, '5L', 'DUL-IN-A-5L', 720000, 8, 'Kệ A2'),
(3, 1, '18L', 'DUL-IN-A-18L', 2412000, 4, 'Kệ A3'),
(4, 2, '1L', 'DUL-IN-B-1L', 191000, 14, 'Kệ B1'),
(5, 2, '5L', 'DUL-IN-B-5L', 735000, 9, 'Kệ B2'),
(6, 2, '18L', 'DUL-IN-B-18L', 2462000, 5, 'Kệ B3'),
(7, 3, '1L', 'DUL-IN-C-1L', 198000, 15, 'Kệ C1'),
(8, 3, '5L', 'DUL-IN-C-5L', 760000, 4, 'Kệ C2'),
(9, 3, '18L', 'DUL-IN-C-18L', 2546000, 6, 'Kệ C3'),
(10, 4, '1L', 'DUL-WEA-A-1L', 199000, 16, 'Kệ D1'),
(11, 4, '5L', 'DUL-WEA-A-5L', 766000, 11, 'Kệ D2'),
(12, 4, '18L', 'DUL-WEA-A-18L', 2566000, 7, 'Kệ D3'),
(13, 5, '1L', 'DUL-WEA-C-1L', 205000, 17, 'Kệ E1'),
(14, 5, '5L', 'DUL-WEA-C-5L', 790000, 12, 'Kệ E2'),
(15, 5, '18L', 'DUL-WEA-C-18L', 2646000, 3, 'Kệ E3'),
(16, 6, '1L', 'DUL-AQT-W-1L', 229000, 12, 'Kệ F1'),
(17, 6, '5L', 'DUL-AQT-W-5L', 880000, 13, 'Kệ F2'),
(18, 6, '18L', 'DUL-AQT-W-18L', 2948000, 2, 'Kệ F3'),
(19, 7, '1L', 'JOT-MAJ-A-1L', 231000, 13, 'Kệ A1'),
(20, 7, '5L', 'JOT-MAJ-A-5L', 890000, 14, 'Kệ A2'),
(21, 7, '18L', 'JOT-MAJ-A-18L', 2982000, 5, 'Kệ A3'),
(22, 8, '1L', 'JOT-MAJ-C-1L', 242000, 14, 'Kệ B1'),
(23, 8, '5L', 'JOT-MAJ-C-5L', 930000, 7, 'Kệ B2'),
(24, 8, '18L', 'JOT-MAJ-C-18L', 3116000, 6, 'Kệ B3'),
(25, 9, '1L', 'JOT-SHI-A-1L', 255000, 15, 'Kệ C1'),
(26, 9, '5L', 'JOT-SHI-A-5L', 980000, 8, 'Kệ C2'),
(27, 9, '18L', 'JOT-SHI-A-18L', 3283000, 7, 'Kệ C3'),
(28, 10, '1L', 'JOT-SHI-C-1L', 265000, 16, 'Kệ D1'),
(29, 10, '5L', 'JOT-SHI-C-5L', 1020000, 9, 'Kệ D2'),
(30, 10, '18L', 'JOT-SHI-C-18L', 3417000, 3, 'Kệ D3'),
(31, 11, '1L', 'JOT-ESS-A-1L', 169000, 17, 'Kệ E1'),
(32, 11, '5L', 'JOT-ESS-A-5L', 650000, 10, 'Kệ E2'),
(33, 11, '18L', 'JOT-ESS-A-18L', 2178000, 4, 'Kệ E3'),
(34, 12, '1L', 'NIP-ODL-A-1L', 198000, 12, 'Kệ F1'),
(35, 12, '5L', 'NIP-ODL-A-5L', 760000, 11, 'Kệ F2'),
(36, 12, '18L', 'NIP-ODL-A-18L', 2546000, 5, 'Kệ F3'),
(37, 13, '1L', 'NIP-ODL-C-1L', 207000, 13, 'Kệ A1'),
(38, 13, '5L', 'NIP-ODL-C-5L', 795000, 12, 'Kệ A2'),
(39, 13, '18L', 'NIP-ODL-C-18L', 2663000, 6, 'Kệ A3'),
(40, 14, '1L', 'NIP-WEA-A-1L', 291000, 14, 'Kệ B1'),
(41, 14, '5L', 'NIP-WEA-A-5L', 1120000, 13, 'Kệ B2'),
(42, 14, '18L', 'NIP-WEA-A-18L', 3752000, 7, 'Kệ B3'),
(43, 15, '1L', 'NIP-MTX-W-1L', 135000, 15, 'Kệ C1'),
(44, 15, '5L', 'NIP-MTX-W-5L', 520000, 14, 'Kệ C2'),
(45, 15, '18L', 'NIP-MTX-W-18L', 1742000, 2, 'Kệ C3'),
(46, 16, '1L', 'KOV-NAN-A-1L', 177000, 16, 'Kệ D1'),
(47, 16, '5L', 'KOV-NAN-A-5L', 680000, 7, 'Kệ D2'),
(48, 16, '18L', 'KOV-NAN-A-18L', 2278000, 4, 'Kệ D3'),
(49, 17, '1L', 'KOV-NAN-C-1L', 185000, 17, 'Kệ E1'),
(50, 17, '5L', 'KOV-NAN-C-5L', 710000, 4, 'Kệ E2'),
(51, 17, '18L', 'KOV-NAN-C-18L', 2378000, 5, 'Kệ E3'),
(52, 18, '1L', 'KOV-CT11-CL-1L', 244000, 12, 'Kệ F1'),
(53, 18, '5L', 'KOV-CT11-CL-5L', 940000, 9, 'Kệ F2'),
(54, 18, '18L', 'KOV-CT11-CL-18L', 3149000, 6, 'Kệ F3'),
(55, 19, '1L', 'KOV-EXT-A-1L', 224000, 13, 'Kệ A1'),
(56, 19, '5L', 'KOV-EXT-A-5L', 860000, 10, 'Kệ A2'),
(57, 19, '18L', 'KOV-EXT-A-18L', 2881000, 7, 'Kệ A3'),
(58, 20, '1L', 'MAX-INT-A-1L', 117000, 14, 'Kệ B1'),
(59, 20, '5L', 'MAX-INT-A-5L', 450000, 11, 'Kệ B2'),
(60, 20, '18L', 'MAX-INT-A-18L', 1508000, 3, 'Kệ B3'),
(61, 21, '1L', 'MAX-EXT-A-1L', 161000, 15, 'Kệ C1'),
(62, 21, '5L', 'MAX-EXT-A-5L', 620000, 12, 'Kệ C2'),
(63, 21, '18L', 'MAX-EXT-A-18L', 2077000, 2, 'Kệ C3'),
(64, 22, '1L', 'MYK-GRD-A-1L', 257000, 16, 'Kệ D1'),
(65, 22, '5L', 'MYK-GRD-A-5L', 990000, 13, 'Kệ D2'),
(66, 22, '18L', 'MYK-GRD-A-18L', 3316000, 5, 'Kệ D3'),
(67, 23, '1L', 'MYK-GRD-C-1L', 270000, 17, 'Kệ E1'),
(68, 23, '5L', 'MYK-GRD-C-5L', 1040000, 4, 'Kệ E2'),
(69, 23, '18L', 'MYK-GRD-C-18L', 3484000, 6, 'Kệ E3'),
(70, 24, '1L', 'MYK-TCH-A-1L', 307000, 12, 'Kệ F1'),
(71, 24, '5L', 'MYK-TCH-A-5L', 1180000, 7, 'Kệ F2'),
(72, 24, '18L', 'MYK-TCH-A-18L', 3953000, 7, 'Kệ F3');

INSERT INTO `colorants` (`colorant_id`, `colorant_name`, `stock_ml`, `unit_price_per_ml`) VALUES
(1, 'Titanium White Tint', 150000.00, 80.00),
(2, 'Lamp Black', 45000.00, 95.00),
(3, 'Yellow Oxide', 52000.00, 110.00),
(4, 'Red Oxide', 48000.00, 120.00),
(5, 'Phthalo Blue', 39000.00, 135.00),
(6, 'Phthalo Green', 32000.00, 125.00),
(7, 'Organic Red', 25000.00, 145.00),
(8, 'Lemon Yellow', 30000.00, 118.00),
(9, 'Violet', 18000.00, 150.00),
(10, 'Orange', 22000.00, 130.00),
(11, 'Brown Oxide', 28000.00, 105.00),
(12, 'Magenta', 16000.00, 155.00),
(13, 'Deep Blue', 21000.00, 140.00),
(14, 'Clear Additive', 60000.00, 70.00);

INSERT INTO `colorsystem` (`color_id`, `color_code`, `color_name`, `base_id`) VALUES
(1, 'KP-01A', 'Trắng sứ', 1),
(2, 'KP-01B', 'Kem sữa', 1),
(3, 'KP-02A', 'Be cát', 2),
(4, 'KP-02B', 'Cam đào nhạt', 2),
(5, 'KP-03A', 'Vàng nắng', 3),
(6, 'KP-03B', 'Nâu cafe', 3),
(7, 'KP-04A', 'Xám ghi', 4),
(8, 'KP-04B', 'Xám khói', 4),
(9, 'KP-05A', 'Xanh mint', 5),
(10, 'KP-05B', 'Xanh pastel', 5),
(11, 'KP-06A', 'Xanh navy', 6),
(12, 'KP-06B', 'Xanh biển', 6),
(13, 'KP-07A', 'Hồng phấn', 7),
(14, 'KP-07B', 'Tím lavender', 7),
(15, 'KP-08A', 'Đỏ gạch', 8),
(16, 'KP-08B', 'Nâu đất', 8),
(17, 'KP-09A', 'Trắng sứ', 9),
(18, 'KP-09B', 'Kem sữa', 9),
(19, 'KP-10A', 'Be cát', 10),
(20, 'KP-10B', 'Cam đào nhạt', 10),
(21, 'KP-11A', 'Vàng nắng', 11),
(22, 'KP-11B', 'Nâu cafe', 11),
(23, 'KP-12A', 'Xám ghi', 12),
(24, 'KP-12B', 'Xám khói', 12),
(25, 'KP-13A', 'Xanh mint', 13),
(26, 'KP-13B', 'Xanh pastel', 13),
(27, 'KP-14A', 'Xanh navy', 14),
(28, 'KP-14B', 'Xanh biển', 14),
(29, 'KP-15A', 'Hồng phấn', 15),
(30, 'KP-15B', 'Tím lavender', 15),
(31, 'KP-16A', 'Đỏ gạch', 16),
(32, 'KP-16B', 'Nâu đất', 16),
(33, 'KP-17A', 'Trắng sứ', 17),
(34, 'KP-17B', 'Kem sữa', 17),
(35, 'KP-18A', 'Be cát', 18),
(36, 'KP-18B', 'Cam đào nhạt', 18),
(37, 'KP-19A', 'Vàng nắng', 19),
(38, 'KP-19B', 'Nâu cafe', 19),
(39, 'KP-20A', 'Xám ghi', 20),
(40, 'KP-20B', 'Xám khói', 20),
(41, 'KP-21A', 'Xanh mint', 21),
(42, 'KP-21B', 'Xanh pastel', 21),
(43, 'KP-22A', 'Xanh navy', 22),
(44, 'KP-22B', 'Xanh biển', 22),
(45, 'KP-23A', 'Hồng phấn', 23),
(46, 'KP-23B', 'Tím lavender', 23),
(47, 'KP-24A', 'Đỏ gạch', 24),
(48, 'KP-24B', 'Nâu đất', 24);

INSERT INTO `colorsystem_colorants` (`color_id`, `colorant_id`, `amount_ml`) VALUES
(1, 1, 13.00),
(1, 3, 3.00),
(2, 1, 10.50),
(2, 3, 5.50),
(2, 4, 2.50),
(3, 3, 12.00),
(3, 11, 7.00),
(3, 1, 8.00),
(4, 10, 8.00),
(4, 7, 2.00),
(4, 1, 8.00),
(5, 3, 18.00),
(5, 8, 6.00),
(5, 1, 5.00),
(6, 11, 14.50),
(6, 4, 5.50),
(6, 2, 2.50),
(7, 2, 17.00),
(7, 1, 9.00),
(8, 2, 20.00),
(8, 5, 2.00),
(8, 1, 6.00),
(9, 6, 11.00),
(9, 5, 7.00),
(9, 1, 10.00),
(10, 5, 12.50),
(10, 1, 10.50),
(10, 2, 1.50),
(11, 13, 22.00),
(11, 2, 5.00),
(11, 5, 5.00),
(12, 5, 20.00),
(12, 1, 8.00),
(13, 12, 9.00),
(13, 1, 13.00),
(13, 7, 3.00),
(14, 9, 9.50),
(14, 1, 12.50),
(14, 5, 2.50),
(15, 4, 22.00),
(15, 11, 7.00),
(15, 2, 5.00),
(16, 11, 18.00),
(16, 4, 6.00),
(16, 2, 2.00),
(17, 1, 12.00),
(17, 3, 2.00),
(18, 1, 10.50),
(18, 3, 5.50),
(18, 4, 2.50),
(19, 3, 11.00),
(19, 11, 6.00),
(19, 1, 7.00),
(20, 10, 8.00),
(20, 7, 2.00),
(20, 1, 8.00),
(21, 3, 20.00),
(21, 8, 8.00),
(21, 1, 7.00),
(22, 11, 14.50),
(22, 4, 5.50),
(22, 2, 2.50),
(23, 2, 16.00),
(23, 1, 8.00),
(24, 2, 20.00),
(24, 5, 2.00),
(24, 1, 6.00),
(25, 6, 10.00),
(25, 5, 6.00),
(25, 1, 9.00),
(26, 5, 12.50),
(26, 1, 10.50),
(26, 2, 1.50),
(27, 13, 24.00),
(27, 2, 7.00),
(27, 5, 7.00),
(28, 5, 20.00),
(28, 1, 8.00),
(29, 12, 8.00),
(29, 1, 12.00),
(29, 7, 2.00),
(30, 9, 9.50),
(30, 1, 12.50),
(30, 5, 2.50),
(31, 4, 21.00),
(31, 11, 6.00),
(31, 2, 4.00),
(32, 11, 18.00),
(32, 4, 6.00),
(32, 2, 2.00),
(33, 1, 14.00),
(33, 3, 4.00),
(34, 1, 10.50),
(34, 3, 5.50),
(34, 4, 2.50),
(35, 3, 10.00),
(35, 11, 5.00),
(35, 1, 6.00),
(36, 10, 8.00),
(36, 7, 2.00),
(36, 1, 8.00),
(37, 3, 19.00),
(37, 8, 7.00),
(37, 1, 6.00),
(38, 11, 14.50),
(38, 4, 5.50),
(38, 2, 2.50),
(39, 2, 18.00),
(39, 1, 10.00),
(40, 2, 20.00),
(40, 5, 2.00),
(40, 1, 6.00),
(41, 6, 9.00),
(41, 5, 5.00),
(41, 1, 8.00),
(42, 5, 12.50),
(42, 1, 10.50),
(42, 2, 1.50),
(43, 13, 23.00),
(43, 2, 6.00),
(43, 5, 6.00),
(44, 5, 20.00),
(44, 1, 8.00),
(45, 12, 10.00),
(45, 1, 14.00),
(45, 7, 4.00),
(46, 9, 9.50),
(46, 1, 12.50),
(46, 5, 2.50),
(47, 4, 20.00),
(47, 11, 5.00),
(47, 2, 3.00),
(48, 11, 18.00),
(48, 4, 6.00),
(48, 2, 2.00);

INSERT INTO `customers` (`customer_id`, `name`, `phone`, `email`, `password_hash`, `address`, `credit_limit`, `current_debt`) VALUES
(1, 'Nguyễn Văn An', '0901000001', 'an.nguyen@example.com', '$2b$10$CwTycUXWue0Thq9StjUM0uJ8mV9QMwb.FsLd0lQpIKqzeC857jGqK', 'Hà Nội', 5000000, 0),
(2, 'Trần Thị Bình', '0901000002', 'binh.tran@example.com', '$2b$10$CwTycUXWue0Thq9StjUM0uJ8mV9QMwb.FsLd0lQpIKqzeC857jGqK', 'Bắc Ninh', 5000000, 0),
(3, 'Lê Minh Cường', '0901000003', 'cuong.le@example.com', '$2b$10$CwTycUXWue0Thq9StjUM0uJ8mV9QMwb.FsLd0lQpIKqzeC857jGqK', 'Hải Phòng', 3000000, 0),
(4, 'Phạm Thu Dung', '0901000004', 'dung.pham@example.com', '$2b$10$CwTycUXWue0Thq9StjUM0uJ8mV9QMwb.FsLd0lQpIKqzeC857jGqK', 'Hà Nam', 5000000, 0),
(5, 'Hoàng Gia Phát', '0901000005', 'phat.hoang@example.com', '$2b$10$CwTycUXWue0Thq9StjUM0uJ8mV9QMwb.FsLd0lQpIKqzeC857jGqK', 'Hưng Yên', 8000000, 0),
(6, 'Công ty Minh Long', '0901000006', 'minhlong.paint@example.com', '$2b$10$CwTycUXWue0Thq9StjUM0uJ8mV9QMwb.FsLd0lQpIKqzeC857jGqK', 'KCN Quế Võ, Bắc Ninh', 10000000, 0),
(7, 'Nguyễn Hữu Khang', '0901000007', 'khang.nguyen@example.com', '$2b$10$CwTycUXWue0Thq9StjUM0uJ8mV9QMwb.FsLd0lQpIKqzeC857jGqK', 'Nam Định', 0, 0),
(8, 'Xưởng Nội Thất An Phú', '0901000008', 'anphu.interior@example.com', '$2b$10$CwTycUXWue0Thq9StjUM0uJ8mV9QMwb.FsLd0lQpIKqzeC857jGqK', 'Long Biên, Hà Nội', 15000000, 0);

INSERT INTO `orders` (`order_id`, `customer_id`, `sales_rep_id`, `tech_id`, `shift_id`, `order_date`, `total_amount`, `payment_method`, `payment_status`, `debt_due_date`, `status`) VALUES
(1, 1, 2, 4, 1, DATE_SUB(CURRENT_TIMESTAMP, INTERVAL 40 DAY), 0, 'cash', 'unpaid', NULL, 'completed'),
(2, 2, 2, 4, 2, DATE_SUB(CURRENT_TIMESTAMP, INTERVAL 3 DAY), 0, 'debt', 'unpaid', DATE_ADD(CURRENT_DATE, INTERVAL 12 DAY), 'completed'),
(3, 3, 3, 5, 1, DATE_SUB(CURRENT_TIMESTAMP, INTERVAL 2 DAY), 0, 'debt', 'unpaid', DATE_ADD(CURRENT_DATE, INTERVAL 10 DAY), 'completed'),
(4, 4, 2, 5, 2, DATE_SUB(CURRENT_TIMESTAMP, INTERVAL 25 DAY), 0, 'debt', 'unpaid', DATE_SUB(CURRENT_DATE, INTERVAL 10 DAY), 'completed'),
(5, 5, 3, 4, 1, DATE_SUB(CURRENT_TIMESTAMP, INTERVAL 8 DAY), 0, 'debt', 'unpaid', DATE_ADD(CURRENT_DATE, INTERVAL 7 DAY), 'completed'),
(6, 6, 2, 4, 2, DATE_SUB(CURRENT_TIMESTAMP, INTERVAL 18 DAY), 0, 'debt', 'unpaid', DATE_SUB(CURRENT_DATE, INTERVAL 2 DAY), 'completed'),
(7, 7, 3, 5, 3, DATE_SUB(CURRENT_TIMESTAMP, INTERVAL 6 DAY), 0, 'cash', 'unpaid', NULL, 'completed'),
(8, 8, 2, 5, 1, DATE_SUB(CURRENT_TIMESTAMP, INTERVAL 35 DAY), 0, 'debt', 'unpaid', DATE_SUB(CURRENT_DATE, INTERVAL 15 DAY), 'completed'),
(9, 8, 3, 4, 2, DATE_SUB(CURRENT_TIMESTAMP, INTERVAL 1 DAY), 0, 'debt', 'unpaid', DATE_ADD(CURRENT_DATE, INTERVAL 14 DAY), 'pending'),
(10, 1, 2, 4, 1, DATE_SUB(CURRENT_TIMESTAMP, INTERVAL 12 DAY), 0, 'cash', 'unpaid', NULL, 'completed');

INSERT INTO `orderdetails` (`order_id`, `variant_id`, `color_id`, `quantity`, `price_at_sale`) VALUES
(1, 2, 1, 1, 720000),
(1, 34, 24, 2, 198000),
(2, 11, 7, 2, 766000),
(3, 20, 13, 2, 890000),
(3, 32, 22, 1, 650000),
(4, 47, 31, 2, 680000),
(4, 58, 40, 3, 117000),
(5, 65, 43, 2, 990000),
(5, 68, 46, 1, 1040000),
(6, 27, 17, 1, 3283000),
(7, 44, 29, 1, 520000),
(7, 7, 6, 2, 198000),
(8, 42, 27, 1, 3752000),
(8, 35, 24, 1, 760000),
(9, 71, 47, 2, 1180000),
(10, 1, 2, 3, 187000);

INSERT INTO `debt_payments` (`customer_id`, `order_id`, `employee_id`, `amount`, `payment_method`, `payment_date`, `note`) VALUES
(5, 5, 6, 1200000, 'bank_transfer', DATE_SUB(CURRENT_TIMESTAMP, INTERVAL 2 DAY), 'Thanh toán một phần đơn công nợ, còn lại để demo trạng thái partial'),
(6, 6, 6, 3283000, 'bank_transfer', DATE_SUB(CURRENT_TIMESTAMP, INTERVAL 1 DAY), 'Khách đã tất toán đủ đơn công nợ'),
(8, 8, 6, 2000000, 'cash', DATE_SUB(CURRENT_TIMESTAMP, INTERVAL 5 DAY), 'Xưởng An Phú thanh toán một phần đơn quá hạn');
